Updates PS,Ward,Nature,Parties,Votes,Location
1,46,Mean,DMK,400,ஜெய்பாலாஜிநகர்
2,46,Mean,DMK,314,ஜஸ்வர்யாநகர்
3,46,Mean,DMK,287,கடும்பாடிஅம்மன்கோயில்
4,46,Mean,DMK,307,காந்திநகர்
5,46,Mean,DMK,260,துர்கைஅவின்யுகலசப்பநாயக்கர்தெரு
6,46,Mean,DMK,418,அமுதம்நகர்
7,46,Mean,DMK,426,துர்கைஅவென்யுஇராஜம்மாள்தெரு
8,46,Mean,DMK,339,தென்றல்நகர்
9,46,Mean,DMK,303,இலட்சுமிஅம்மன்நகர்
10,46,Mean,DMK,284,காவேரிநகர்
11,46,Mean,DMK,276,என் எஸ் கே சாலை
12,46,Mean,DMK,347,என் எஸ் கே சாலை
13,46,Mean,DMK,387,வெங்கடேஸ்வராநகர்
14,46,Mean,DMK,403,நாராயணசாமிதோட்டம்
15,46,Mean,DMK,370,ஸ்ரீராம்நகர்
16,46,Mean,DMK,377,வெங்கடேஸ்வராநகர்
17,46,Mean,DMK,356,சீதாராம்நகர்
18,46,Mean,DMK,324,திருவள்ளுவர்சாலை
19,46,Mean,DMK,291,சின்னான்டிமடம்
20,46,Mean,DMK,356,வெங்கடேஸ்வராகாலனி
21,46,Mean,DMK,267,பெரியார்நகர்
22,46,Mean,DMK,215,நரசிம்மரெட்டி
23,46,Mean,DMK,276,ஆர் வி நகர்
24,46,Mean,DMK,229,சாஸ்திரிநகர்
25,46,Mean,DMK,344,கட்டபொம்மன் தெரு
26,46,Mean,DMK,363,கட்டபொம்மன் தெரு
27,46,Mean,DMK,426,கே கே ஆர் டவுன் குறுக்குதெரு
28,46,Mean,DMK,361,ஜம்புலித்தெரு
29,46,Mean,DMK,273,காந்திநகர்
30,46,Mean,DMK,244,காந்திநகர்
31,46,Mean,DMK,395,காந்திநகர்
32,46,Mean,DMK,341,டீச்சர்ஸ்காலனி
33,46,Mean,DMK,268,காமராஜர்சாலை
34,46,Mean,DMK,224,காமராஜர்சாலை
35,46,Mean,DMK,164,காமராஜர்சாலை
36,46,Mean,DMK,194,தண்டையார்பேட்டைநெடுஞ்சாலை
37,46,Mean,DMK,383,தலைவர்கிருஷ்ணன்தெரு
38,46,Mean,DMK,141,யூனியன்கார்பைடுகாலனி
39,46,Mean,DMK,434,யூனியன்கார்பைடுகாலனி
40,46,Mean,DMK,416,யூனியன்கார்பைடுகாலனி
41,46,Mean,DMK,420,முத்தமிழ்நகர்
42,46,Mean,DMK,349,முத்தமிழ்நகர்
43,46,Mean,DMK,407,முத்தமிழ்நகர்
44,46,Mean,DMK,324,முத்தமிழ்நகர்
45,46,Mean,DMK,400,முத்தமிழ்நகர்
46,46,Mean,DMK,434,முத்தமிழ்நகர்
47,46,Mean,DMK,296,முத்தமிழ்நகர்
48,46,Mean,DMK,239,முத்தமிழ்நகர்
49,46,Mean,DMK,292,முத்தமிழ்நகர்
50,46,Mean,DMK,297,முத்தமிழ்நகர்
51,46,Mean,DMK,460,அம்பேத்கார் தெரு
52,46,Mean,DMK,401,முத்தமிழ்நகர்
53,46,Mean,DMK,276,முத்தமிழ்நகர்
54,46,Mean,DMK,212,முத்தமிழ்நகர்
55,46,Mean,DMK,360,முத்தமிழ்நகர்
56,46,Mean,DMK,330,முத்தமிழ்நகர்
57,46,Mean,DMK,417,முத்தமிழ்நகர்
58,46,Mean,DMK,273,முத்தமிழ்நகர்
59,46,Mean,DMK,251,முத்தமிழ்நகர்
60,46,Mean,DMK,331,முத்தமிழ்நகர்
61,46,Mean,DMK,218,முத்தமிழ்நகர்
62,46,Mean,DMK,377,முத்தமிழ்நகர்
63,46,Mean,DMK,428,முத்தமிழ்நகர்
64,46,Mean,DMK,419,முத்தமிழ்நகர்
65,46,Mean,DMK,390,கருணாநிதி தெரு
66,46,Mean,DMK,365,சீனிவாச பெருமாள் கோயில் தெரு
67,46,Mean,DMK,309,திருவள்ளூவர் நகர்
68,46,Mean,DMK,228,திருவள்ளூவர் நகர்
69,46,Mean,DMK,267,திருவள்ளூவர் நகர்
70,46,Mean,DMK,189,திருவள்ளூவர் நகர்
71,46,Mean,DMK,384,திருவள்ளூவர் நகர்
72,46,Mean,DMK,360,திருவள்ளூவர் நகர்
73,46,Mean,DMK,437,திருவள்ளூவர் நகர்
74,46,Mean,DMK,384,விவேகானந்தர் நகர்
75,46,Mean,DMK,284,திருஞான சம்பந்தம் தெரு
76,46,Mean,DMK,260,தொல்காப்பியர் தெரு
77,46,Mean,DMK,259,மீனாம்பாள் சாலை
78,46,Mean,DMK,275,வாசுகி நகர்
79,46,Mean,DMK,270,கவியரசு கண்ணதாசன் நகர்
80,46,Mean,DMK,272,கவியரசு கண்ணதாசன் நகர்
81,46,Mean,DMK,210,கவியரசு கண்ணதாசன் நகர்
82,46,Mean,DMK,248,கவியரசு கண்ணதாசன் நகர்
83,46,Mean,DMK,383,சூழ்புணல்கரை
84,46,Mean,DMK,415,சூழ்புணல்கரை
85,46,Mean,DMK,319,மறைமலை அடிகள் தெரு
86,46,Mean,DMK,285,பண்டித நேரு தெரு
87,46,Mean,DMK,305,கவியரசு கண்ணதாசன் நகர்
88,46,Mean,DMK,330,வ.ஊ.சி குறுக்கு தெரு
89,46,Mean,DMK,341,புதிய வார்டு எண் 35 ஓம் சக்தி வினாயகர் கோயில் தெரு
90,46,Mean,DMK,243,புதிய வார்டு எண் 36 எம்.ஆர்.நகர் முதல் தெரு
91,46,Mean,DMK,261,எம் ஆர் நகர்
92,46,Mean,DMK,388,லட்சுமி அம்மன் நகர்
93,46,Mean,DMK,306,லட்சுமி அம்மன் நகர்
94,46,Mean,DMK,254,அபிராமி அவென்யு
95,46,Mean,DMK,339,கவியரசு கண்ணதாசன் நகர்
96,46,Mean,DMK,361,அபிராமி அவென்யு
97,46,Mean,DMK,171,சீனிவாசன் தெரு
98,46,Mean,DMK,281,புதிய வார்டு எண் 37 அகத்தியர் தெரு
99,46,Mean,DMK,397,டிவிகே லிங்க் ரோடு
100,46,Mean,DMK,355,கிருஷ்ணமூர்த்தி நகர்
101,46,Mean,DMK,230,சுப்பிரமணி தெரு
102,46,Mean,DMK,263,கவியரசு கண்ணதாசன் நகர்
103,46,Mean,DMK,230,கவியரசு கண்ணதாசன் நகர்
104,46,Mean,DMK,216,கவியரசு கண்ணதாசன் நகர்
105,46,Mean,DMK,261,கவியரசு கண்ணதாசன் நகர்
106,46,Mean,DMK,352,கவியரசு கண்ணதாசன் நகர்
107,46,Mean,DMK,296,கவியரசு கண்ணதாசன் நகர்
108,46,Mean,DMK,321,கவியரசு கண்ணதாசன் நகர்
109,46,Mean,DMK,317,கவியரசு கண்ணதாசன் நகர்
110,46,Mean,DMK,295,நேரு நகர் நேதாஜி தெரு
111,46,Mean,DMK,193,கிருஷ்ணமூர்த்தி சாலை
112,46,Mean,DMK,260,ஜிஎன்டி ரோடு
113,46,Mean,DMK,449,செயின்ட் ஜான் தெரு லீபனோன்புரம்
114,46,Mean,DMK,334,பாரதியார் தெரு
115,46,Mean,DMK,287,கைலாசம் தெரு
116,46,Mean,DMK,339,அ.பொ.அரசு குறுக்குதெரு
117,46,Mean,DMK,392,ஜெயபரஞ்சோதி தெரு
118,46,Mean,DMK,295,அண்ணாசாலை
119,46,Mean,DMK,199,கந்தசாமி கோயில் காலனி தெரு
120,46,Mean,DMK,260,கண்ணபிரான் கோயில் தெரு
121,46,Mean,DMK,379,சிவசங்கரன் தெரு
122,46,Mean,DMK,248,ராஜரத்தினம் நகர்
123,46,Mean,DMK,284,ராஜரத்தினம் நகர்
124,46,Mean,DMK,294,ராஜரத்தினம் நகர்
125,46,Mean,DMK,354,ராஜரத்தினம் நகர்
126,46,Mean,DMK,426,உதயசூரியன் நகர்
127,46,Mean,DMK,482,உதயசூரியன் நகர்
128,46,Mean,DMK,211,எம்.கே.பி நகர்
129,46,Mean,DMK,190,எம்.கே.பி நகர்
130,46,Mean,DMK,180,மகாகவி பாரதி நகர்
131,46,Mean,DMK,134,மகாகவி பாரதி நகர்
132,46,Mean,DMK,180,மகாகவி பாரதி நகர்
133,46,Mean,DMK,204,மகாகவி பாரதி நகர்
134,46,Mean,DMK,265,மகாகவி பாரதி நகர்
135,46,Mean,DMK,291,வசந்தம்கார்டன்
136,46,Mean,DMK,201,மகாகவி பாரதி நகர்
137,46,Mean,DMK,301,மகாகவி பாரதி நகர்
138,46,Mean,DMK,254,எம்.கே.பி நகர்
139,46,Mean,DMK,328,மகாகவி பாரதி நகர்
140,46,Mean,DMK,204,எம்.கே.பி நகர்
141,46,Mean,DMK,162,எம்.கே.பி நகர்
142,46,Mean,DMK,316,எம்.கே.பி நகர்
143,46,Mean,DMK,301,எம்.கே.பி நகர்
144,46,Mean,DMK,195,எம்.கே.பி நகர்
145,46,Mean,DMK,254,எம்.கே.பி நகர்
146,46,Mean,DMK,342,எம்.கே.பி நகர்
147,46,Mean,DMK,266,சத்தியமூர்த்தி நகர்
148,46,Mean,DMK,253,சத்தியமூர்த்தி நகர்
149,46,Mean,DMK,405,சத்தியமூர்த்தி நகர்
150,46,Mean,DMK,362,சத்தியமூர்த்தி நகர்
151,46,Mean,DMK,347,எம்.ஜி.ஆர். நகர்
152,46,Mean,DMK,254,எம்.ஜி.ஆர். நகர்
153,46,Mean,DMK,435,தாமோதரன் நகர்
154,46,Mean,DMK,405,தேபர் நகர்
155,46,Mean,DMK,377,ஜெகஜீவன்ராம் நகர்
156,46,Mean,DMK,446,ஜெகஜீவன்ராம் நகர்
157,46,Mean,DMK,361,சாமியார் மடம்
158,46,Mean,DMK,251,சாமியார் மடம்
159,46,Mean,DMK,162,சாமியார் மடம்
160,46,Mean,DMK,425,அம்பேத்கார் தெரு
161,46,Mean,DMK,402,நேருஜி தெரு
162,46,Mean,DMK,383,எம் ஜி ஆர் தெரு
163,46,Mean,DMK,327,காந்திஜி தெரு
164,46,Mean,DMK,376,அண்ணா தெரு
165,46,Mean,DMK,326,சத்தியபாமா தெரு
166,46,Mean,DMK,359,திருப்பூர் குமரன் தெரு
167,46,Mean,DMK,306,திரு.வி.க. தெரு
168,46,Mean,DMK,179,பழனி ஆண்டவர் கோயில் தெரு
169,46,Mean,DMK,333,வீரபாண்டியன் தெரு
170,46,Mean,DMK,222,நெடுஞ்செழியன் தெரு
171,46,Mean,DMK,307,துளசிங்கம் தெரு
172,46,Mean,DMK,195,துளசிங்கம் தெரு
173,46,Mean,DMK,224,துளசிங்கம் தெரு
174,46,Mean,DMK,320,முனியப்ப தெரு
175,46,Mean,DMK,329,முனியப்ப தெரு
176,46,Mean,DMK,288,சுப்பிரமணிய பாரதி குறுக்கு தெரு
177,46,Mean,DMK,277,மாதவரம் நெடுஞ்சாலை
178,46,Mean,DMK,355,சுப்பிரமணியசாமி கோயில் தெரு
179,46,Mean,DMK,283,காமராஜ் நகர்
180,46,Mean,DMK,346,நட்டால் தோட்டம்
181,46,Mean,DMK,207,மேல்பட்டி பொன்னப்பன் தெரு
182,46,Mean,DMK,167,மேல்பட்டி பொன்னப்பன் தெரு
183,46,Mean,DMK,414,ஆசிரியர் தெரு
184,46,Mean,DMK,240,அண்ணா நகர் தெரு
185,46,Mean,DMK,204,கோபால் தெரு
186,46,Mean,DMK,345,பன்னீர் செல்வம் தெரு
187,46,Mean,DMK,251,காமாட்சி தெரு
188,46,Mean,DMK,220,உதயகுமார் தெரு
189,46,Mean,DMK,251,அழகிரி சாமி தெரு
190,46,Mean,DMK,287,அழகிரி சாமி தெரு
191,46,Mean,DMK,473,முத்தமிழ் தெரு
192,46,Mean,DMK,420,மணிமேகலை தெரு
193,46,Mean,DMK,433,கே.வி.கே. சாமி தெரு
194,46,Mean,DMK,431,பன்னீர் செல்வம் தெரு
195,46,Mean,DMK,360,முகமது இஸ்மாயில் தெரு
196,46,Mean,DMK,377,மதியழகன் தெரு
197,46,Mean,DMK,330,மகாகவி பாரதி நகர்
198,46,Mean,DMK,260,மகாகவி பாரதி நகர்
199,46,Mean,DMK,176,மகாகவி பாரதி நகர்
200,46,Mean,DMK,290,எம்.கே.பி நகர்
201,46,Mean,DMK,504,சாஸ்திரிநகர்
202,46,Mean,DMK,561,சாஸ்திரிநகர்
203,46,Mean,DMK,333,சாஸ்திரிநகர்
204,46,Mean,DMK,337,சாஸ்திரிநகர்
205,46,Mean,DMK,489,சாஸ்திரிநகர்
206,46,Mean,DMK,452,இந்திரா நகர்
207,46,Mean,DMK,241,புது நகர்
208,46,Mean,DMK,424,புது நகர்
209,46,Mean,DMK,498,புது நகர்
210,46,Mean,DMK,329,சர்மா நகர்
211,46,Mean,DMK,260,சர்மா நகர்
212,46,Mean,DMK,254,சர்மா நகர்
213,46,Mean,DMK,384,திடீர் நகர்
214,46,Mean,DMK,478,திடீர் நகர்
215,46,Mean,DMK,411,பாரதி நகர்
216,46,Mean,DMK,352,சிவகாமி அம்மையார் காலனி
217,46,Mean,DMK,146,சிவகாமி அம்மையார் காலனி
218,46,Mean,DMK,281,சிவகாமி அம்மையார் காலனி
219,46,Mean,DMK,267,சிவகாமி அம்மையார் காலனி
220,46,Mean,DMK,469,சிவகாமி அம்மையார் காலனி
221,46,Mean,DMK,335,சிவகாமி அம்மையார் காலனி
222,46,Mean,DMK,355,சிவகாமி அம்மையார் காலனி
223,46,Mean,DMK,220,சிவகாமி அம்மையார் காலனி
224,46,Mean,DMK,389,சிவகாமி அம்மையார் காலனி
225,46,Mean,DMK,241,கருணாநிதி சாலை
226,46,Mean,DMK,333,கருணாநிதி சாலை
227,46,Mean,DMK,277,பக்தவச்சலம் காலனி
228,46,Mean,DMK,369,பக்தவச்சலம் காலனி
229,46,Mean,DMK,251,பக்தவச்சலம் காலனி
230,46,Mean,DMK,243,பக்தவச்சலம் காலனி
231,46,Mean,DMK,410,பக்தவச்சலம் காலனி
232,46,Mean,DMK,222,பக்தவச்சலம் காலனி
233,46,Mean,DMK,360,பக்தவச்சலம் காலனி
234,46,Mean,DMK,140,பக்தவச்சலம் காலனி
235,46,Mean,DMK,342,பக்தவச்சலம் காலனி
236,46,Mean,DMK,306,பக்தவச்சலம் காலனி
237,46,Mean,DMK,294,பக்தவச்சலம் காலனி
238,46,Mean,DMK,448,பக்தவச்சலம் காலனி
239,46,Mean,DMK,315,பக்தவச்சலம் காலனி
240,46,Mean,DMK,190,பக்தவச்சலம் காலனி
241,46,Mean,DMK,268,அன்னை சத்யா நகர்
242,46,Mean,DMK,247,அன்னை சத்யா நகர்
243,46,Mean,DMK,350,எம் எம் தோட்டம்
244,46,Mean,DMK,387,எம் எம் தோட்டம்
245,46,Mean,DMK,320,ஜானகிராம் தோட்டம் தெரு
246,46,Mean,DMK,270,ரத்தினம் தெரு
247,46,Mean,DMK,244,சின்னதம்பி தெரு
248,46,Mean,DMK,449,ஸ்லாட்டர் ஹவுஸ் குடிசை
249,46,Mean,DMK,378,வியாசர் நகர்
250,46,Mean,DMK,202,பி பி சாலை
251,46,Mean,DMK,183,பி பி சாலை
252,46,Mean,DMK,185,பாலமுருகன் தெரு
253,46,Mean,DMK,237,சாந்தி நகர் பிரதான சாலை
254,46,Mean,DMK,290,சாந்தி நகர்
255,46,Mean,DMK,398,பி & டி (பி.எஸ்.என். எல் குடியிருப்பு)
256,46,Mean,DMK,543,சுந்தரம் தெரு
257,46,Mean,DMK,336,சுந்தரம் தெரு
258,46,Mean,DMK,297,பாலகிருஷ்ணன் தெரு
259,46,Mean,DMK,219,கணேசபுரம்
260,46,Mean,DMK,568,தேசிகானந்தபுரம்
261,46,Mean,DMK,424,கக்கன்ஜி நகர்
262,46,Mean,DMK,255,கக்கன்ஜி நகர்
263,46,Mean,DMK,228,மேல்பட்டி பொன்னப்பன் தெரு
264,46,Mean,DMK,423,மேல்பட்டி பொன்னப்பன் தெரு
265,46,Mean,DMK,266,மேல்பட்டி பொன்னப்பன் தெரு
266,46,Mean,DMK,312,மேல்பட்டி பொன்னப்பன் தெரு
267,46,Mean,DMK,298,மேல்பட்டி பொன்னப்பன் தெரு
268,46,Mean,DMK,216,மேல்பட்டி பொன்னப்பன் தெரு
269,46,Mean,DMK,378,கரிமேடு காலனி தெரு
270,46,Mean,DMK,284,கென்னடி நகர் தெரு
271,46,Mean,DMK,254,கென்னடி நகர் தெரு
272,46,Mean,DMK,390,நேரு நகர்
273,46,Mean,DMK,411,மல்லிகைப்பூ காலனி
274,46,Mean,DMK,237,மல்லிகைப்பூ காலனி
275,46,Mean,DMK,264,மல்லிகைப்பூ காலனி
276,46,Mean,DMK,498,மேகஸின்புரம்
277,46,Mean,DMK,304,புதிய மேகஸின்புரம்
278,46,Mean,DMK,537,ஜகஜீவன்ராம்நகர் மி. வா.குடியிருப்பு
279,46,Mean,DMK,452,சத்தியமூர்த்தி நகர்
280,46,Mean,DMK,503,சத்தியமூர்த்தி நகர்
281,46,Mean,DMK,486,சத்தியமூர்த்தி நகர்
282,46,Mean,DMK,337,எருக்கஞ்சேரி
283,46,Mean,DMK,286,எருக்கஞ்சேரி
284,46,Mean,DMK,120,எருக்கஞ்சேரி
285,46,Mean,DMK,293,எருக்கஞ்சேரி
286,46,Mean,DMK,290,பாலகிருஷ்ணன் தெரு
287,46,Mean,DMK,324,மூர்த்திங்கர் தெரு
288,46,Mean,DMK,309,முத்துமுதலிதெரு
289,46,Mean,DMK,322,மூர்த்திங்கர்நகர்
290,46,Mean,DMK,228,மூர்த்திங்கர்நகர்
291,46,Mean,DMK,500,எ கல்யாணபுரம்
292,46,Mean,DMK,433,பி கல்யாணபுரம்
293,46,Mean,DMK,296,பி கல்யாணபுரம்
294,46,Mean,DMK,340,பி கல்யாணபுரம்
295,46,Mean,DMK,299,சி கல்யாணபுரம்
296,46,Mean,DMK,402,சி கல்யாணபுரம்
297,46,Mean,DMK,416,சி கல்யாணபுரம்
1,46,SD,DMK,135,ஜெய்பாலாஜிநகர்
2,46,SD,DMK,126,ஜஸ்வர்யாநகர்
3,46,SD,DMK,65,கடும்பாடிஅம்மன்கோயில்
4,46,SD,DMK,66,காந்திநகர்
5,46,SD,DMK,41,துர்கைஅவின்யுகலசப்பநாயக்கர்தெரு
6,46,SD,DMK,113,அமுதம்நகர்
7,46,SD,DMK,151,துர்கைஅவென்யுஇராஜம்மாள்தெரு
8,46,SD,DMK,38,தென்றல்நகர்
9,46,SD,DMK,94,இலட்சுமிஅம்மன்நகர்
10,46,SD,DMK,83,காவேரிநகர்
11,46,SD,DMK,33,என் எஸ் கே சாலை
12,46,SD,DMK,131,என் எஸ் கே சாலை
13,46,SD,DMK,85,வெங்கடேஸ்வராநகர்
14,46,SD,DMK,110,நாராயணசாமிதோட்டம்
15,46,SD,DMK,124,ஸ்ரீராம்நகர்
16,46,SD,DMK,130,வெங்கடேஸ்வராநகர்
17,46,SD,DMK,65,சீதாராம்நகர்
18,46,SD,DMK,89,திருவள்ளுவர்சாலை
19,46,SD,DMK,90,சின்னான்டிமடம்
20,46,SD,DMK,90,வெங்கடேஸ்வராகாலனி
21,46,SD,DMK,47,பெரியார்நகர்
22,46,SD,DMK,31,நரசிம்மரெட்டி
23,46,SD,DMK,56,ஆர் வி நகர்
24,46,SD,DMK,44,சாஸ்திரிநகர்
25,46,SD,DMK,89,கட்டபொம்மன் தெரு
26,46,SD,DMK,89,கட்டபொம்மன் தெரு
27,46,SD,DMK,103,கே கே ஆர் டவுன் குறுக்குதெரு
28,46,SD,DMK,104,ஜம்புலித்தெரு
29,46,SD,DMK,32,காந்திநகர்
30,46,SD,DMK,73,காந்திநகர்
31,46,SD,DMK,106,காந்திநகர்
32,46,SD,DMK,60,டீச்சர்ஸ்காலனி
33,46,SD,DMK,86,காமராஜர்சாலை
34,46,SD,DMK,57,காமராஜர்சாலை
35,46,SD,DMK,42,காமராஜர்சாலை
36,46,SD,DMK,42,தண்டையார்பேட்டைநெடுஞ்சாலை
37,46,SD,DMK,78,தலைவர்கிருஷ்ணன்தெரு
38,46,SD,DMK,31,யூனியன்கார்பைடுகாலனி
39,46,SD,DMK,127,யூனியன்கார்பைடுகாலனி
40,46,SD,DMK,126,யூனியன்கார்பைடுகாலனி
41,46,SD,DMK,116,முத்தமிழ்நகர்
42,46,SD,DMK,86,முத்தமிழ்நகர்
43,46,SD,DMK,118,முத்தமிழ்நகர்
44,46,SD,DMK,101,முத்தமிழ்நகர்
45,46,SD,DMK,145,முத்தமிழ்நகர்
46,46,SD,DMK,91,முத்தமிழ்நகர்
47,46,SD,DMK,65,முத்தமிழ்நகர்
48,46,SD,DMK,76,முத்தமிழ்நகர்
49,46,SD,DMK,75,முத்தமிழ்நகர்
50,46,SD,DMK,87,முத்தமிழ்நகர்
51,46,SD,DMK,102,அம்பேத்கார் தெரு
52,46,SD,DMK,159,முத்தமிழ்நகர்
53,46,SD,DMK,38,முத்தமிழ்நகர்
54,46,SD,DMK,61,முத்தமிழ்நகர்
55,46,SD,DMK,89,முத்தமிழ்நகர்
56,46,SD,DMK,81,முத்தமிழ்நகர்
57,46,SD,DMK,94,முத்தமிழ்நகர்
58,46,SD,DMK,32,முத்தமிழ்நகர்
59,46,SD,DMK,88,முத்தமிழ்நகர்
60,46,SD,DMK,67,முத்தமிழ்நகர்
61,46,SD,DMK,56,முத்தமிழ்நகர்
62,46,SD,DMK,102,முத்தமிழ்நகர்
63,46,SD,DMK,118,முத்தமிழ்நகர்
64,46,SD,DMK,80,முத்தமிழ்நகர்
65,46,SD,DMK,58,கருணாநிதி தெரு
66,46,SD,DMK,103,சீனிவாச பெருமாள் கோயில் தெரு
67,46,SD,DMK,26,திருவள்ளூவர் நகர்
68,46,SD,DMK,55,திருவள்ளூவர் நகர்
69,46,SD,DMK,31,திருவள்ளூவர் நகர்
70,46,SD,DMK,43,திருவள்ளூவர் நகர்
71,46,SD,DMK,109,திருவள்ளூவர் நகர்
72,46,SD,DMK,95,திருவள்ளூவர் நகர்
73,46,SD,DMK,75,திருவள்ளூவர் நகர்
74,46,SD,DMK,115,விவேகானந்தர் நகர்
75,46,SD,DMK,92,திருஞான சம்பந்தம் தெரு
76,46,SD,DMK,84,தொல்காப்பியர் தெரு
77,46,SD,DMK,45,மீனாம்பாள் சாலை
78,46,SD,DMK,56,வாசுகி நகர்
79,46,SD,DMK,32,கவியரசு கண்ணதாசன் நகர்
80,46,SD,DMK,73,கவியரசு கண்ணதாசன் நகர்
81,46,SD,DMK,52,கவியரசு கண்ணதாசன் நகர்
82,46,SD,DMK,31,கவியரசு கண்ணதாசன் நகர்
83,46,SD,DMK,126,சூழ்புணல்கரை
84,46,SD,DMK,162,சூழ்புணல்கரை
85,46,SD,DMK,113,மறைமலை அடிகள் தெரு
86,46,SD,DMK,87,பண்டித நேரு தெரு
87,46,SD,DMK,60,கவியரசு கண்ணதாசன் நகர்
88,46,SD,DMK,94,வ.ஊ.சி குறுக்கு தெரு
89,46,SD,DMK,90,புதிய வார்டு எண் 35 ஓம் சக்தி வினாயகர் கோயில் தெரு
90,46,SD,DMK,45,புதிய வார்டு எண் 36 எம்.ஆர்.நகர் முதல் தெரு
91,46,SD,DMK,89,எம் ஆர் நகர்
92,46,SD,DMK,108,லட்சுமி அம்மன் நகர்
93,46,SD,DMK,90,லட்சுமி அம்மன் நகர்
94,46,SD,DMK,53,அபிராமி அவென்யு
95,46,SD,DMK,34,கவியரசு கண்ணதாசன் நகர்
96,46,SD,DMK,90,அபிராமி அவென்யு
97,46,SD,DMK,30,சீனிவாசன் தெரு
98,46,SD,DMK,107,புதிய வார்டு எண் 37 அகத்தியர் தெரு
99,46,SD,DMK,122,டிவிகே லிங்க் ரோடு
100,46,SD,DMK,92,கிருஷ்ணமூர்த்தி நகர்
101,46,SD,DMK,45,சுப்பிரமணி தெரு
102,46,SD,DMK,76,கவியரசு கண்ணதாசன் நகர்
103,46,SD,DMK,31,கவியரசு கண்ணதாசன் நகர்
104,46,SD,DMK,51,கவியரசு கண்ணதாசன் நகர்
105,46,SD,DMK,79,கவியரசு கண்ணதாசன் நகர்
106,46,SD,DMK,85,கவியரசு கண்ணதாசன் நகர்
107,46,SD,DMK,52,கவியரசு கண்ணதாசன் நகர்
108,46,SD,DMK,112,கவியரசு கண்ணதாசன் நகர்
109,46,SD,DMK,78,கவியரசு கண்ணதாசன் நகர்
110,46,SD,DMK,91,நேரு நகர் நேதாஜி தெரு
111,46,SD,DMK,26,கிருஷ்ணமூர்த்தி சாலை
112,46,SD,DMK,105,ஜிஎன்டி ரோடு
113,46,SD,DMK,71,செயின்ட் ஜான் தெரு லீபனோன்புரம்
114,46,SD,DMK,87,பாரதியார் தெரு
115,46,SD,DMK,108,கைலாசம் தெரு
116,46,SD,DMK,105,அ.பொ.அரசு குறுக்குதெரு
117,46,SD,DMK,82,ஜெயபரஞ்சோதி தெரு
118,46,SD,DMK,86,அண்ணாசாலை
119,46,SD,DMK,52,கந்தசாமி கோயில் காலனி தெரு
120,46,SD,DMK,84,கண்ணபிரான் கோயில் தெரு
121,46,SD,DMK,70,சிவசங்கரன் தெரு
122,46,SD,DMK,49,ராஜரத்தினம் நகர்
123,46,SD,DMK,104,ராஜரத்தினம் நகர்
124,46,SD,DMK,85,ராஜரத்தினம் நகர்
125,46,SD,DMK,105,ராஜரத்தினம் நகர்
126,46,SD,DMK,170,உதயசூரியன் நகர்
127,46,SD,DMK,127,உதயசூரியன் நகர்
128,46,SD,DMK,40,எம்.கே.பி நகர்
129,46,SD,DMK,67,எம்.கே.பி நகர்
130,46,SD,DMK,27,மகாகவி பாரதி நகர்
131,46,SD,DMK,16,மகாகவி பாரதி நகர்
132,46,SD,DMK,49,மகாகவி பாரதி நகர்
133,46,SD,DMK,55,மகாகவி பாரதி நகர்
134,46,SD,DMK,68,மகாகவி பாரதி நகர்
135,46,SD,DMK,56,வசந்தம்கார்டன்
136,46,SD,DMK,27,மகாகவி பாரதி நகர்
137,46,SD,DMK,11,மகாகவி பாரதி நகர்
138,46,SD,DMK,64,எம்.கே.பி நகர்
139,46,SD,DMK,78,மகாகவி பாரதி நகர்
140,46,SD,DMK,47,எம்.கே.பி நகர்
141,46,SD,DMK,40,எம்.கே.பி நகர்
142,46,SD,DMK,62,எம்.கே.பி நகர்
143,46,SD,DMK,49,எம்.கே.பி நகர்
144,46,SD,DMK,48,எம்.கே.பி நகர்
145,46,SD,DMK,88,எம்.கே.பி நகர்
146,46,SD,DMK,55,எம்.கே.பி நகர்
147,46,SD,DMK,51,சத்தியமூர்த்தி நகர்
148,46,SD,DMK,40,சத்தியமூர்த்தி நகர்
149,46,SD,DMK,105,சத்தியமூர்த்தி நகர்
150,46,SD,DMK,159,சத்தியமூர்த்தி நகர்
151,46,SD,DMK,133,எம்.ஜி.ஆர். நகர்
152,46,SD,DMK,68,எம்.ஜி.ஆர். நகர்
153,46,SD,DMK,160,தாமோதரன் நகர்
154,46,SD,DMK,149,தேபர் நகர்
155,46,SD,DMK,100,ஜெகஜீவன்ராம் நகர்
156,46,SD,DMK,107,ஜெகஜீவன்ராம் நகர்
157,46,SD,DMK,116,சாமியார் மடம்
158,46,SD,DMK,49,சாமியார் மடம்
159,46,SD,DMK,44,சாமியார் மடம்
160,46,SD,DMK,121,அம்பேத்கார் தெரு
161,46,SD,DMK,90,நேருஜி தெரு
162,46,SD,DMK,118,எம் ஜி ஆர் தெரு
163,46,SD,DMK,73,காந்திஜி தெரு
164,46,SD,DMK,153,அண்ணா தெரு
165,46,SD,DMK,109,சத்தியபாமா தெரு
166,46,SD,DMK,113,திருப்பூர் குமரன் தெரு
167,46,SD,DMK,34,திரு.வி.க. தெரு
168,46,SD,DMK,33,பழனி ஆண்டவர் கோயில் தெரு
169,46,SD,DMK,109,வீரபாண்டியன் தெரு
170,46,SD,DMK,86,நெடுஞ்செழியன் தெரு
171,46,SD,DMK,45,துளசிங்கம் தெரு
172,46,SD,DMK,44,துளசிங்கம் தெரு
173,46,SD,DMK,52,துளசிங்கம் தெரு
174,46,SD,DMK,62,முனியப்ப தெரு
175,46,SD,DMK,93,முனியப்ப தெரு
176,46,SD,DMK,81,சுப்பிரமணிய பாரதி குறுக்கு தெரு
177,46,SD,DMK,51,மாதவரம் நெடுஞ்சாலை
178,46,SD,DMK,66,சுப்பிரமணியசாமி கோயில் தெரு
179,46,SD,DMK,79,காமராஜ் நகர்
180,46,SD,DMK,67,நட்டால் தோட்டம்
181,46,SD,DMK,31,மேல்பட்டி பொன்னப்பன் தெரு
182,46,SD,DMK,44,மேல்பட்டி பொன்னப்பன் தெரு
183,46,SD,DMK,117,ஆசிரியர் தெரு
184,46,SD,DMK,40,அண்ணா நகர் தெரு
185,46,SD,DMK,56,கோபால் தெரு
186,46,SD,DMK,107,பன்னீர் செல்வம் தெரு
187,46,SD,DMK,43,காமாட்சி தெரு
188,46,SD,DMK,62,உதயகுமார் தெரு
189,46,SD,DMK,70,அழகிரி சாமி தெரு
190,46,SD,DMK,48,அழகிரி சாமி தெரு
191,46,SD,DMK,106,முத்தமிழ் தெரு
192,46,SD,DMK,112,மணிமேகலை தெரு
193,46,SD,DMK,99,கே.வி.கே. சாமி தெரு
194,46,SD,DMK,76,பன்னீர் செல்வம் தெரு
195,46,SD,DMK,46,முகமது இஸ்மாயில் தெரு
196,46,SD,DMK,124,மதியழகன் தெரு
197,46,SD,DMK,67,மகாகவி பாரதி நகர்
198,46,SD,DMK,48,மகாகவி பாரதி நகர்
199,46,SD,DMK,35,மகாகவி பாரதி நகர்
200,46,SD,DMK,67,எம்.கே.பி நகர்
201,46,SD,DMK,109,சாஸ்திரிநகர்
202,46,SD,DMK,114,சாஸ்திரிநகர்
203,46,SD,DMK,61,சாஸ்திரிநகர்
204,46,SD,DMK,104,சாஸ்திரிநகர்
205,46,SD,DMK,115,சாஸ்திரிநகர்
206,46,SD,DMK,107,இந்திரா நகர்
207,46,SD,DMK,42,புது நகர்
208,46,SD,DMK,70,புது நகர்
209,46,SD,DMK,176,புது நகர்
210,46,SD,DMK,89,சர்மா நகர்
211,46,SD,DMK,27,சர்மா நகர்
212,46,SD,DMK,79,சர்மா நகர்
213,46,SD,DMK,110,திடீர் நகர்
214,46,SD,DMK,145,திடீர் நகர்
215,46,SD,DMK,135,பாரதி நகர்
216,46,SD,DMK,68,சிவகாமி அம்மையார் காலனி
217,46,SD,DMK,30,சிவகாமி அம்மையார் காலனி
218,46,SD,DMK,105,சிவகாமி அம்மையார் காலனி
219,46,SD,DMK,97,சிவகாமி அம்மையார் காலனி
220,46,SD,DMK,139,சிவகாமி அம்மையார் காலனி
221,46,SD,DMK,69,சிவகாமி அம்மையார் காலனி
222,46,SD,DMK,134,சிவகாமி அம்மையார் காலனி
223,46,SD,DMK,72,சிவகாமி அம்மையார் காலனி
224,46,SD,DMK,130,சிவகாமி அம்மையார் காலனி
225,46,SD,DMK,59,கருணாநிதி சாலை
226,46,SD,DMK,93,கருணாநிதி சாலை
227,46,SD,DMK,81,பக்தவச்சலம் காலனி
228,46,SD,DMK,95,பக்தவச்சலம் காலனி
229,46,SD,DMK,44,பக்தவச்சலம் காலனி
230,46,SD,DMK,76,பக்தவச்சலம் காலனி
231,46,SD,DMK,71,பக்தவச்சலம் காலனி
232,46,SD,DMK,41,பக்தவச்சலம் காலனி
233,46,SD,DMK,129,பக்தவச்சலம் காலனி
234,46,SD,DMK,25,பக்தவச்சலம் காலனி
235,46,SD,DMK,78,பக்தவச்சலம் காலனி
236,46,SD,DMK,71,பக்தவச்சலம் காலனி
237,46,SD,DMK,115,பக்தவச்சலம் காலனி
238,46,SD,DMK,105,பக்தவச்சலம் காலனி
239,46,SD,DMK,46,பக்தவச்சலம் காலனி
240,46,SD,DMK,32,பக்தவச்சலம் காலனி
241,46,SD,DMK,44,அன்னை சத்யா நகர்
242,46,SD,DMK,67,அன்னை சத்யா நகர்
243,46,SD,DMK,96,எம் எம் தோட்டம்
244,46,SD,DMK,86,எம் எம் தோட்டம்
245,46,SD,DMK,67,ஜானகிராம் தோட்டம் தெரு
246,46,SD,DMK,81,ரத்தினம் தெரு
247,46,SD,DMK,77,சின்னதம்பி தெரு
248,46,SD,DMK,156,ஸ்லாட்டர் ஹவுஸ் குடிசை
249,46,SD,DMK,72,வியாசர் நகர்
250,46,SD,DMK,33,பி பி சாலை
251,46,SD,DMK,28,பி பி சாலை
252,46,SD,DMK,49,பாலமுருகன் தெரு
253,46,SD,DMK,59,சாந்தி நகர் பிரதான சாலை
254,46,SD,DMK,59,சாந்தி நகர்
255,46,SD,DMK,78,பி & டி (பி.எஸ்.என். எல் குடியிருப்பு)
256,46,SD,DMK,95,சுந்தரம் தெரு
257,46,SD,DMK,72,சுந்தரம் தெரு
258,46,SD,DMK,42,பாலகிருஷ்ணன் தெரு
259,46,SD,DMK,36,கணேசபுரம்
260,46,SD,DMK,109,தேசிகானந்தபுரம்
261,46,SD,DMK,100,கக்கன்ஜி நகர்
262,46,SD,DMK,50,கக்கன்ஜி நகர்
263,46,SD,DMK,67,மேல்பட்டி பொன்னப்பன் தெரு
264,46,SD,DMK,144,மேல்பட்டி பொன்னப்பன் தெரு
265,46,SD,DMK,88,மேல்பட்டி பொன்னப்பன் தெரு
266,46,SD,DMK,72,மேல்பட்டி பொன்னப்பன் தெரு
267,46,SD,DMK,98,மேல்பட்டி பொன்னப்பன் தெரு
268,46,SD,DMK,62,மேல்பட்டி பொன்னப்பன் தெரு
269,46,SD,DMK,108,கரிமேடு காலனி தெரு
270,46,SD,DMK,61,கென்னடி நகர் தெரு
271,46,SD,DMK,82,கென்னடி நகர் தெரு
272,46,SD,DMK,126,நேரு நகர்
273,46,SD,DMK,114,மல்லிகைப்பூ காலனி
274,46,SD,DMK,61,மல்லிகைப்பூ காலனி
275,46,SD,DMK,82,மல்லிகைப்பூ காலனி
276,46,SD,DMK,116,மேகஸின்புரம்
277,46,SD,DMK,68,புதிய மேகஸின்புரம்
278,46,SD,DMK,141,ஜகஜீவன்ராம்நகர் மி. வா.குடியிருப்பு
279,46,SD,DMK,164,சத்தியமூர்த்தி நகர்
280,46,SD,DMK,115,சத்தியமூர்த்தி நகர்
281,46,SD,DMK,93,சத்தியமூர்த்தி நகர்
282,46,SD,DMK,82,எருக்கஞ்சேரி
283,46,SD,DMK,62,எருக்கஞ்சேரி
284,46,SD,DMK,15,எருக்கஞ்சேரி
285,46,SD,DMK,90,எருக்கஞ்சேரி
286,46,SD,DMK,81,பாலகிருஷ்ணன் தெரு
287,46,SD,DMK,132,மூர்த்திங்கர் தெரு
288,46,SD,DMK,81,முத்துமுதலிதெரு
289,46,SD,DMK,73,மூர்த்திங்கர்நகர்
290,46,SD,DMK,82,மூர்த்திங்கர்நகர்
291,46,SD,DMK,153,எ கல்யாணபுரம்
292,46,SD,DMK,154,பி கல்யாணபுரம்
293,46,SD,DMK,113,பி கல்யாணபுரம்
294,46,SD,DMK,100,பி கல்யாணபுரம்
295,46,SD,DMK,121,சி கல்யாணபுரம்
296,46,SD,DMK,157,சி கல்யாணபுரம்
297,46,SD,DMK,145,சி கல்யாணபுரம்
1,46,LR,DMK,265,ஜெய்பாலாஜிநகர்
2,46,LR,DMK,189,ஜஸ்வர்யாநகர்
3,46,LR,DMK,222,கடும்பாடிஅம்மன்கோயில்
4,46,LR,DMK,242,காந்திநகர்
5,46,LR,DMK,219,துர்கைஅவின்யுகலசப்பநாயக்கர்தெரு
6,46,LR,DMK,305,அமுதம்நகர்
7,46,LR,DMK,275,துர்கைஅவென்யுஇராஜம்மாள்தெரு
8,46,LR,DMK,300,தென்றல்நகர்
9,46,LR,DMK,209,இலட்சுமிஅம்மன்நகர்
10,46,LR,DMK,201,காவேரிநகர்
11,46,LR,DMK,243,என் எஸ் கே சாலை
12,46,LR,DMK,216,என் எஸ் கே சாலை
13,46,LR,DMK,302,வெங்கடேஸ்வராநகர்
14,46,LR,DMK,293,நாராயணசாமிதோட்டம்
15,46,LR,DMK,245,ஸ்ரீராம்நகர்
16,46,LR,DMK,247,வெங்கடேஸ்வராநகர்
17,46,LR,DMK,291,சீதாராம்நகர்
18,46,LR,DMK,235,திருவள்ளுவர்சாலை
19,46,LR,DMK,200,சின்னான்டிமடம்
20,46,LR,DMK,266,வெங்கடேஸ்வராகாலனி
21,46,LR,DMK,220,பெரியார்நகர்
22,46,LR,DMK,184,நரசிம்மரெட்டி
23,46,LR,DMK,220,ஆர் வி நகர்
24,46,LR,DMK,185,சாஸ்திரிநகர்
25,46,LR,DMK,255,கட்டபொம்மன் தெரு
26,46,LR,DMK,275,கட்டபொம்மன் தெரு
27,46,LR,DMK,323,கே கே ஆர் டவுன் குறுக்குதெரு
28,46,LR,DMK,257,ஜம்புலித்தெரு
29,46,LR,DMK,241,காந்திநகர்
30,46,LR,DMK,171,காந்திநகர்
31,46,LR,DMK,290,காந்திநகர்
32,46,LR,DMK,281,டீச்சர்ஸ்காலனி
33,46,LR,DMK,183,காமராஜர்சாலை
34,46,LR,DMK,167,காமராஜர்சாலை
35,46,LR,DMK,122,காமராஜர்சாலை
36,46,LR,DMK,152,தண்டையார்பேட்டைநெடுஞ்சாலை
37,46,LR,DMK,305,தலைவர்கிருஷ்ணன்தெரு
38,46,LR,DMK,110,யூனியன்கார்பைடுகாலனி
39,46,LR,DMK,306,யூனியன்கார்பைடுகாலனி
40,46,LR,DMK,290,யூனியன்கார்பைடுகாலனி
41,46,LR,DMK,304,முத்தமிழ்நகர்
42,46,LR,DMK,263,முத்தமிழ்நகர்
43,46,LR,DMK,289,முத்தமிழ்நகர்
44,46,LR,DMK,223,முத்தமிழ்நகர்
45,46,LR,DMK,255,முத்தமிழ்நகர்
46,46,LR,DMK,343,முத்தமிழ்நகர்
47,46,LR,DMK,231,முத்தமிழ்நகர்
48,46,LR,DMK,162,முத்தமிழ்நகர்
49,46,LR,DMK,217,முத்தமிழ்நகர்
50,46,LR,DMK,210,முத்தமிழ்நகர்
51,46,LR,DMK,357,அம்பேத்கார் தெரு
52,46,LR,DMK,242,முத்தமிழ்நகர்
53,46,LR,DMK,239,முத்தமிழ்நகர்
54,46,LR,DMK,151,முத்தமிழ்நகர்
55,46,LR,DMK,270,முத்தமிழ்நகர்
56,46,LR,DMK,249,முத்தமிழ்நகர்
57,46,LR,DMK,323,முத்தமிழ்நகர்
58,46,LR,DMK,241,முத்தமிழ்நகர்
59,46,LR,DMK,163,முத்தமிழ்நகர்
60,46,LR,DMK,264,முத்தமிழ்நகர்
61,46,LR,DMK,162,முத்தமிழ்நகர்
62,46,LR,DMK,274,முத்தமிழ்நகர்
63,46,LR,DMK,310,முத்தமிழ்நகர்
64,46,LR,DMK,340,முத்தமிழ்நகர்
65,46,LR,DMK,332,கருணாநிதி தெரு
66,46,LR,DMK,262,சீனிவாச பெருமாள் கோயில் தெரு
67,46,LR,DMK,283,திருவள்ளூவர் நகர்
68,46,LR,DMK,173,திருவள்ளூவர் நகர்
69,46,LR,DMK,236,திருவள்ளூவர் நகர்
70,46,LR,DMK,147,திருவள்ளூவர் நகர்
71,46,LR,DMK,274,திருவள்ளூவர் நகர்
72,46,LR,DMK,265,திருவள்ளூவர் நகர்
73,46,LR,DMK,362,திருவள்ளூவர் நகர்
74,46,LR,DMK,268,விவேகானந்தர் நகர்
75,46,LR,DMK,192,திருஞான சம்பந்தம் தெரு
76,46,LR,DMK,175,தொல்காப்பியர் தெரு
77,46,LR,DMK,214,மீனாம்பாள் சாலை
78,46,LR,DMK,219,வாசுகி நகர்
79,46,LR,DMK,239,கவியரசு கண்ணதாசன் நகர்
80,46,LR,DMK,199,கவியரசு கண்ணதாசன் நகர்
81,46,LR,DMK,158,கவியரசு கண்ணதாசன் நகர்
82,46,LR,DMK,217,கவியரசு கண்ணதாசன் நகர்
83,46,LR,DMK,257,சூழ்புணல்கரை
84,46,LR,DMK,254,சூழ்புணல்கரை
85,46,LR,DMK,206,மறைமலை அடிகள் தெரு
86,46,LR,DMK,199,பண்டித நேரு தெரு
87,46,LR,DMK,245,கவியரசு கண்ணதாசன் நகர்
88,46,LR,DMK,236,வ.ஊ.சி குறுக்கு தெரு
89,46,LR,DMK,251,புதிய வார்டு எண் 35 ஓம் சக்தி வினாயகர் கோயில் தெரு
90,46,LR,DMK,198,புதிய வார்டு எண் 36 எம்.ஆர்.நகர் முதல் தெரு
91,46,LR,DMK,171,எம் ஆர் நகர்
92,46,LR,DMK,280,லட்சுமி அம்மன் நகர்
93,46,LR,DMK,216,லட்சுமி அம்மன் நகர்
94,46,LR,DMK,202,அபிராமி அவென்யு
95,46,LR,DMK,305,கவியரசு கண்ணதாசன் நகர்
96,46,LR,DMK,271,அபிராமி அவென்யு
97,46,LR,DMK,140,சீனிவாசன் தெரு
98,46,LR,DMK,173,புதிய வார்டு எண் 37 அகத்தியர் தெரு
99,46,LR,DMK,275,டிவிகே லிங்க் ரோடு
100,46,LR,DMK,263,கிருஷ்ணமூர்த்தி நகர்
101,46,LR,DMK,185,சுப்பிரமணி தெரு
102,46,LR,DMK,188,கவியரசு கண்ணதாசன் நகர்
103,46,LR,DMK,199,கவியரசு கண்ணதாசன் நகர்
104,46,LR,DMK,166,கவியரசு கண்ணதாசன் நகர்
105,46,LR,DMK,183,கவியரசு கண்ணதாசன் நகர்
106,46,LR,DMK,267,கவியரசு கண்ணதாசன் நகர்
107,46,LR,DMK,244,கவியரசு கண்ணதாசன் நகர்
108,46,LR,DMK,209,கவியரசு கண்ணதாசன் நகர்
109,46,LR,DMK,239,கவியரசு கண்ணதாசன் நகர்
110,46,LR,DMK,204,நேரு நகர் நேதாஜி தெரு
111,46,LR,DMK,167,கிருஷ்ணமூர்த்தி சாலை
112,46,LR,DMK,154,ஜிஎன்டி ரோடு
113,46,LR,DMK,378,செயின்ட் ஜான் தெரு லீபனோன்புரம்
114,46,LR,DMK,247,பாரதியார் தெரு
115,46,LR,DMK,179,கைலாசம் தெரு
116,46,LR,DMK,234,அ.பொ.அரசு குறுக்குதெரு
117,46,LR,DMK,311,ஜெயபரஞ்சோதி தெரு
118,46,LR,DMK,208,அண்ணாசாலை
119,46,LR,DMK,146,கந்தசாமி கோயில் காலனி தெரு
120,46,LR,DMK,176,கண்ணபிரான் கோயில் தெரு
121,46,LR,DMK,308,சிவசங்கரன் தெரு
122,46,LR,DMK,199,ராஜரத்தினம் நகர்
123,46,LR,DMK,181,ராஜரத்தினம் நகர்
124,46,LR,DMK,209,ராஜரத்தினம் நகர்
125,46,LR,DMK,248,ராஜரத்தினம் நகர்
126,46,LR,DMK,256,உதயசூரியன் நகர்
127,46,LR,DMK,355,உதயசூரியன் நகர்
128,46,LR,DMK,171,எம்.கே.பி நகர்
129,46,LR,DMK,123,எம்.கே.பி நகர்
130,46,LR,DMK,153,மகாகவி பாரதி நகர்
131,46,LR,DMK,118,மகாகவி பாரதி நகர்
132,46,LR,DMK,131,மகாகவி பாரதி நகர்
133,46,LR,DMK,149,மகாகவி பாரதி நகர்
134,46,LR,DMK,196,மகாகவி பாரதி நகர்
135,46,LR,DMK,235,வசந்தம்கார்டன்
136,46,LR,DMK,174,மகாகவி பாரதி நகர்
137,46,LR,DMK,290,மகாகவி பாரதி நகர்
138,46,LR,DMK,190,எம்.கே.பி நகர்
139,46,LR,DMK,250,மகாகவி பாரதி நகர்
140,46,LR,DMK,157,எம்.கே.பி நகர்
141,46,LR,DMK,122,எம்.கே.பி நகர்
142,46,LR,DMK,254,எம்.கே.பி நகர்
143,46,LR,DMK,252,எம்.கே.பி நகர்
144,46,LR,DMK,147,எம்.கே.பி நகர்
145,46,LR,DMK,166,எம்.கே.பி நகர்
146,46,LR,DMK,288,எம்.கே.பி நகர்
147,46,LR,DMK,214,சத்தியமூர்த்தி நகர்
148,46,LR,DMK,213,சத்தியமூர்த்தி நகர்
149,46,LR,DMK,300,சத்தியமூர்த்தி நகர்
150,46,LR,DMK,203,சத்தியமூர்த்தி நகர்
151,46,LR,DMK,214,எம்.ஜி.ஆர். நகர்
152,46,LR,DMK,186,எம்.ஜி.ஆர். நகர்
153,46,LR,DMK,275,தாமோதரன் நகர்
154,46,LR,DMK,257,தேபர் நகர்
155,46,LR,DMK,277,ஜெகஜீவன்ராம் நகர்
156,46,LR,DMK,339,ஜெகஜீவன்ராம் நகர்
157,46,LR,DMK,245,சாமியார் மடம்
158,46,LR,DMK,202,சாமியார் மடம்
159,46,LR,DMK,118,சாமியார் மடம்
160,46,LR,DMK,304,அம்பேத்கார் தெரு
161,46,LR,DMK,312,நேருஜி தெரு
162,46,LR,DMK,264,எம் ஜி ஆர் தெரு
163,46,LR,DMK,254,காந்திஜி தெரு
164,46,LR,DMK,223,அண்ணா தெரு
165,46,LR,DMK,216,சத்தியபாமா தெரு
166,46,LR,DMK,246,திருப்பூர் குமரன் தெரு
167,46,LR,DMK,272,திரு.வி.க. தெரு
168,46,LR,DMK,146,பழனி ஆண்டவர் கோயில் தெரு
169,46,LR,DMK,223,வீரபாண்டியன் தெரு
170,46,LR,DMK,136,நெடுஞ்செழியன் தெரு
171,46,LR,DMK,262,துளசிங்கம் தெரு
172,46,LR,DMK,151,துளசிங்கம் தெரு
173,46,LR,DMK,172,துளசிங்கம் தெரு
174,46,LR,DMK,257,முனியப்ப தெரு
175,46,LR,DMK,235,முனியப்ப தெரு
176,46,LR,DMK,208,சுப்பிரமணிய பாரதி குறுக்கு தெரு
177,46,LR,DMK,226,மாதவரம் நெடுஞ்சாலை
178,46,LR,DMK,289,சுப்பிரமணியசாமி கோயில் தெரு
179,46,LR,DMK,204,காமராஜ் நகர்
180,46,LR,DMK,280,நட்டால் தோட்டம்
181,46,LR,DMK,177,மேல்பட்டி பொன்னப்பன் தெரு
182,46,LR,DMK,123,மேல்பட்டி பொன்னப்பன் தெரு
183,46,LR,DMK,298,ஆசிரியர் தெரு
184,46,LR,DMK,200,அண்ணா நகர் தெரு
185,46,LR,DMK,148,கோபால் தெரு
186,46,LR,DMK,238,பன்னீர் செல்வம் தெரு
187,46,LR,DMK,208,காமாட்சி தெரு
188,46,LR,DMK,158,உதயகுமார் தெரு
189,46,LR,DMK,181,அழகிரி சாமி தெரு
190,46,LR,DMK,239,அழகிரி சாமி தெரு
191,46,LR,DMK,367,முத்தமிழ் தெரு
192,46,LR,DMK,308,மணிமேகலை தெரு
193,46,LR,DMK,334,கே.வி.கே. சாமி தெரு
194,46,LR,DMK,355,பன்னீர் செல்வம் தெரு
195,46,LR,DMK,314,முகமது இஸ்மாயில் தெரு
196,46,LR,DMK,253,மதியழகன் தெரு
197,46,LR,DMK,263,மகாகவி பாரதி நகர்
198,46,LR,DMK,211,மகாகவி பாரதி நகர்
199,46,LR,DMK,141,மகாகவி பாரதி நகர்
200,46,LR,DMK,223,எம்.கே.பி நகர்
201,46,LR,DMK,395,சாஸ்திரிநகர்
202,46,LR,DMK,447,சாஸ்திரிநகர்
203,46,LR,DMK,272,சாஸ்திரிநகர்
204,46,LR,DMK,233,சாஸ்திரிநகர்
205,46,LR,DMK,374,சாஸ்திரிநகர்
206,46,LR,DMK,345,இந்திரா நகர்
207,46,LR,DMK,200,புது நகர்
208,46,LR,DMK,354,புது நகர்
209,46,LR,DMK,322,புது நகர்
210,46,LR,DMK,240,சர்மா நகர்
211,46,LR,DMK,233,சர்மா நகர்
212,46,LR,DMK,175,சர்மா நகர்
213,46,LR,DMK,274,திடீர் நகர்
214,46,LR,DMK,334,திடீர் நகர்
215,46,LR,DMK,276,பாரதி நகர்
216,46,LR,DMK,284,சிவகாமி அம்மையார் காலனி
217,46,LR,DMK,115,சிவகாமி அம்மையார் காலனி
218,46,LR,DMK,176,சிவகாமி அம்மையார் காலனி
219,46,LR,DMK,170,சிவகாமி அம்மையார் காலனி
220,46,LR,DMK,330,சிவகாமி அம்மையார் காலனி
221,46,LR,DMK,266,சிவகாமி அம்மையார் காலனி
222,46,LR,DMK,221,சிவகாமி அம்மையார் காலனி
223,46,LR,DMK,148,சிவகாமி அம்மையார் காலனி
224,46,LR,DMK,259,சிவகாமி அம்மையார் காலனி
225,46,LR,DMK,181,கருணாநிதி சாலை
226,46,LR,DMK,240,கருணாநிதி சாலை
227,46,LR,DMK,195,பக்தவச்சலம் காலனி
228,46,LR,DMK,274,பக்தவச்சலம் காலனி
229,46,LR,DMK,207,பக்தவச்சலம் காலனி
230,46,LR,DMK,168,பக்தவச்சலம் காலனி
231,46,LR,DMK,339,பக்தவச்சலம் காலனி
232,46,LR,DMK,181,பக்தவச்சலம் காலனி
233,46,LR,DMK,232,பக்தவச்சலம் காலனி
234,46,LR,DMK,115,பக்தவச்சலம் காலனி
235,46,LR,DMK,264,பக்தவச்சலம் காலனி
236,46,LR,DMK,235,பக்தவச்சலம் காலனி
237,46,LR,DMK,179,பக்தவச்சலம் காலனி
238,46,LR,DMK,343,பக்தவச்சலம் காலனி
239,46,LR,DMK,269,பக்தவச்சலம் காலனி
240,46,LR,DMK,158,பக்தவச்சலம் காலனி
241,46,LR,DMK,224,அன்னை சத்யா நகர்
242,46,LR,DMK,180,அன்னை சத்யா நகர்
243,46,LR,DMK,254,எம் எம் தோட்டம்
244,46,LR,DMK,300,எம் எம் தோட்டம்
245,46,LR,DMK,254,ஜானகிராம் தோட்டம் தெரு
246,46,LR,DMK,188,ரத்தினம் தெரு
247,46,LR,DMK,168,சின்னதம்பி தெரு
248,46,LR,DMK,292,ஸ்லாட்டர் ஹவுஸ் குடிசை
249,46,LR,DMK,306,வியாசர் நகர்
250,46,LR,DMK,169,பி பி சாலை
251,46,LR,DMK,155,பி பி சாலை
252,46,LR,DMK,136,பாலமுருகன் தெரு
253,46,LR,DMK,178,சாந்தி நகர் பிரதான சாலை
254,46,LR,DMK,231,சாந்தி நகர்
255,46,LR,DMK,319,பி & டி (பி.எஸ்.என். எல் குடியிருப்பு)
256,46,LR,DMK,448,சுந்தரம் தெரு
257,46,LR,DMK,265,சுந்தரம் தெரு
258,46,LR,DMK,255,பாலகிருஷ்ணன் தெரு
259,46,LR,DMK,183,கணேசபுரம்
260,46,LR,DMK,458,தேசிகானந்தபுரம்
261,46,LR,DMK,325,கக்கன்ஜி நகர்
262,46,LR,DMK,205,கக்கன்ஜி நகர்
263,46,LR,DMK,161,மேல்பட்டி பொன்னப்பன் தெரு
264,46,LR,DMK,279,மேல்பட்டி பொன்னப்பன் தெரு
265,46,LR,DMK,178,மேல்பட்டி பொன்னப்பன் தெரு
266,46,LR,DMK,240,மேல்பட்டி பொன்னப்பன் தெரு
267,46,LR,DMK,200,மேல்பட்டி பொன்னப்பன் தெரு
268,46,LR,DMK,154,மேல்பட்டி பொன்னப்பன் தெரு
269,46,LR,DMK,270,கரிமேடு காலனி தெரு
270,46,LR,DMK,223,கென்னடி நகர் தெரு
271,46,LR,DMK,172,கென்னடி நகர் தெரு
272,46,LR,DMK,264,நேரு நகர்
273,46,LR,DMK,297,மல்லிகைப்பூ காலனி
274,46,LR,DMK,176,மல்லிகைப்பூ காலனி
275,46,LR,DMK,182,மல்லிகைப்பூ காலனி
276,46,LR,DMK,383,மேகஸின்புரம்
277,46,LR,DMK,236,புதிய மேகஸின்புரம்
278,46,LR,DMK,397,ஜகஜீவன்ராம்நகர் மி. வா.குடியிருப்பு
279,46,LR,DMK,288,சத்தியமூர்த்தி நகர்
280,46,LR,DMK,389,சத்தியமூர்த்தி நகர்
281,46,LR,DMK,393,சத்தியமூர்த்தி நகர்
282,46,LR,DMK,254,எருக்கஞ்சேரி
283,46,LR,DMK,224,எருக்கஞ்சேரி
284,46,LR,DMK,105,எருக்கஞ்சேரி
285,46,LR,DMK,203,எருக்கஞ்சேரி
286,46,LR,DMK,209,பாலகிருஷ்ணன் தெரு
287,46,LR,DMK,191,மூர்த்திங்கர் தெரு
288,46,LR,DMK,227,முத்துமுதலிதெரு
289,46,LR,DMK,248,மூர்த்திங்கர்நகர்
290,46,LR,DMK,146,மூர்த்திங்கர்நகர்
291,46,LR,DMK,347,எ கல்யாணபுரம்
292,46,LR,DMK,280,பி கல்யாணபுரம்
293,46,LR,DMK,182,பி கல்யாணபுரம்
294,46,LR,DMK,240,பி கல்யாணபுரம்
295,46,LR,DMK,178,சி கல்யாணபுரம்
296,46,LR,DMK,245,சி கல்யாணபுரம்
297,46,LR,DMK,271,சி கல்யாணபுரம்
1,46,HR,DMK,535,ஜெய்பாலாஜிநகர்
2,46,HR,DMK,440,ஜஸ்வர்யாநகர்
3,46,HR,DMK,352,கடும்பாடிஅம்மன்கோயில்
4,46,HR,DMK,373,காந்திநகர்
5,46,HR,DMK,301,துர்கைஅவின்யுகலசப்பநாயக்கர்தெரு
6,46,HR,DMK,532,அமுதம்நகர்
7,46,HR,DMK,578,துர்கைஅவென்யுஇராஜம்மாள்தெரு
8,46,HR,DMK,377,தென்றல்நகர்
9,46,HR,DMK,397,இலட்சுமிஅம்மன்நகர்
10,46,HR,DMK,367,காவேரிநகர்
11,46,HR,DMK,309,என் எஸ் கே சாலை
12,46,HR,DMK,478,என் எஸ் கே சாலை
13,46,HR,DMK,472,வெங்கடேஸ்வராநகர்
14,46,HR,DMK,513,நாராயணசாமிதோட்டம்
15,46,HR,DMK,494,ஸ்ரீராம்நகர்
16,46,HR,DMK,507,வெங்கடேஸ்வராநகர்
17,46,HR,DMK,420,சீதாராம்நகர்
18,46,HR,DMK,414,திருவள்ளுவர்சாலை
19,46,HR,DMK,381,சின்னான்டிமடம்
20,46,HR,DMK,446,வெங்கடேஸ்வராகாலனி
21,46,HR,DMK,313,பெரியார்நகர்
22,46,HR,DMK,246,நரசிம்மரெட்டி
23,46,HR,DMK,332,ஆர் வி நகர்
24,46,HR,DMK,273,சாஸ்திரிநகர்
25,46,HR,DMK,432,கட்டபொம்மன் தெரு
26,46,HR,DMK,452,கட்டபொம்மன் தெரு
27,46,HR,DMK,529,கே கே ஆர் டவுன் குறுக்குதெரு
28,46,HR,DMK,465,ஜம்புலித்தெரு
29,46,HR,DMK,304,காந்திநகர்
30,46,HR,DMK,316,காந்திநகர்
31,46,HR,DMK,501,காந்திநகர்
32,46,HR,DMK,401,டீச்சர்ஸ்காலனி
33,46,HR,DMK,354,காமராஜர்சாலை
34,46,HR,DMK,280,காமராஜர்சாலை
35,46,HR,DMK,206,காமராஜர்சாலை
36,46,HR,DMK,236,தண்டையார்பேட்டைநெடுஞ்சாலை
37,46,HR,DMK,461,தலைவர்கிருஷ்ணன்தெரு
38,46,HR,DMK,172,யூனியன்கார்பைடுகாலனி
39,46,HR,DMK,561,யூனியன்கார்பைடுகாலனி
40,46,HR,DMK,542,யூனியன்கார்பைடுகாலனி
41,46,HR,DMK,536,முத்தமிழ்நகர்
42,46,HR,DMK,435,முத்தமிழ்நகர்
43,46,HR,DMK,525,முத்தமிழ்நகர்
44,46,HR,DMK,424,முத்தமிழ்நகர்
45,46,HR,DMK,545,முத்தமிழ்நகர்
46,46,HR,DMK,525,முத்தமிழ்நகர்
47,46,HR,DMK,362,முத்தமிழ்நகர்
48,46,HR,DMK,315,முத்தமிழ்நகர்
49,46,HR,DMK,366,முத்தமிழ்நகர்
50,46,HR,DMK,384,முத்தமிழ்நகர்
51,46,HR,DMK,562,அம்பேத்கார் தெரு
52,46,HR,DMK,561,முத்தமிழ்நகர்
53,46,HR,DMK,314,முத்தமிழ்நகர்
54,46,HR,DMK,272,முத்தமிழ்நகர்
55,46,HR,DMK,449,முத்தமிழ்நகர்
56,46,HR,DMK,411,முத்தமிழ்நகர்
57,46,HR,DMK,511,முத்தமிழ்நகர்
58,46,HR,DMK,305,முத்தமிழ்நகர்
59,46,HR,DMK,340,முத்தமிழ்நகர்
60,46,HR,DMK,399,முத்தமிழ்நகர்
61,46,HR,DMK,274,முத்தமிழ்நகர்
62,46,HR,DMK,479,முத்தமிழ்நகர்
63,46,HR,DMK,547,முத்தமிழ்நகர்
64,46,HR,DMK,499,முத்தமிழ்நகர்
65,46,HR,DMK,448,கருணாநிதி தெரு
66,46,HR,DMK,468,சீனிவாச பெருமாள் கோயில் தெரு
67,46,HR,DMK,336,திருவள்ளூவர் நகர்
68,46,HR,DMK,283,திருவள்ளூவர் நகர்
69,46,HR,DMK,298,திருவள்ளூவர் நகர்
70,46,HR,DMK,232,திருவள்ளூவர் நகர்
71,46,HR,DMK,493,திருவள்ளூவர் நகர்
72,46,HR,DMK,455,திருவள்ளூவர் நகர்
73,46,HR,DMK,512,திருவள்ளூவர் நகர்
74,46,HR,DMK,499,விவேகானந்தர் நகர்
75,46,HR,DMK,376,திருஞான சம்பந்தம் தெரு
76,46,HR,DMK,344,தொல்காப்பியர் தெரு
77,46,HR,DMK,304,மீனாம்பாள் சாலை
78,46,HR,DMK,331,வாசுகி நகர்
79,46,HR,DMK,302,கவியரசு கண்ணதாசன் நகர்
80,46,HR,DMK,346,கவியரசு கண்ணதாசன் நகர்
81,46,HR,DMK,262,கவியரசு கண்ணதாசன் நகர்
82,46,HR,DMK,279,கவியரசு கண்ணதாசன் நகர்
83,46,HR,DMK,508,சூழ்புணல்கரை
84,46,HR,DMK,577,சூழ்புணல்கரை
85,46,HR,DMK,432,மறைமலை அடிகள் தெரு
86,46,HR,DMK,372,பண்டித நேரு தெரு
87,46,HR,DMK,366,கவியரசு கண்ணதாசன் நகர்
88,46,HR,DMK,424,வ.ஊ.சி குறுக்கு தெரு
89,46,HR,DMK,431,புதிய வார்டு எண் 35 ஓம் சக்தி வினாயகர் கோயில் தெரு
90,46,HR,DMK,287,புதிய வார்டு எண் 36 எம்.ஆர்.நகர் முதல் தெரு
91,46,HR,DMK,350,எம் ஆர் நகர்
92,46,HR,DMK,496,லட்சுமி அம்மன் நகர்
93,46,HR,DMK,397,லட்சுமி அம்மன் நகர்
94,46,HR,DMK,307,அபிராமி அவென்யு
95,46,HR,DMK,372,கவியரசு கண்ணதாசன் நகர்
96,46,HR,DMK,451,அபிராமி அவென்யு
97,46,HR,DMK,201,சீனிவாசன் தெரு
98,46,HR,DMK,388,புதிய வார்டு எண் 37 அகத்தியர் தெரு
99,46,HR,DMK,519,டிவிகே லிங்க் ரோடு
100,46,HR,DMK,447,கிருஷ்ணமூர்த்தி நகர்
101,46,HR,DMK,275,சுப்பிரமணி தெரு
102,46,HR,DMK,339,கவியரசு கண்ணதாசன் நகர்
103,46,HR,DMK,261,கவியரசு கண்ணதாசன் நகர்
104,46,HR,DMK,267,கவியரசு கண்ணதாசன் நகர்
105,46,HR,DMK,340,கவியரசு கண்ணதாசன் நகர்
106,46,HR,DMK,436,கவியரசு கண்ணதாசன் நகர்
107,46,HR,DMK,349,கவியரசு கண்ணதாசன் நகர்
108,46,HR,DMK,433,கவியரசு கண்ணதாசன் நகர்
109,46,HR,DMK,396,கவியரசு கண்ணதாசன் நகர்
110,46,HR,DMK,386,நேரு நகர் நேதாஜி தெரு
111,46,HR,DMK,219,கிருஷ்ணமூர்த்தி சாலை
112,46,HR,DMK,365,ஜிஎன்டி ரோடு
113,46,HR,DMK,520,செயின்ட் ஜான் தெரு லீபனோன்புரம்
114,46,HR,DMK,421,பாரதியார் தெரு
115,46,HR,DMK,395,கைலாசம் தெரு
116,46,HR,DMK,444,அ.பொ.அரசு குறுக்குதெரு
117,46,HR,DMK,474,ஜெயபரஞ்சோதி தெரு
118,46,HR,DMK,381,அண்ணாசாலை
119,46,HR,DMK,251,கந்தசாமி கோயில் காலனி தெரு
120,46,HR,DMK,344,கண்ணபிரான் கோயில் தெரு
121,46,HR,DMK,449,சிவசங்கரன் தெரு
122,46,HR,DMK,298,ராஜரத்தினம் நகர்
123,46,HR,DMK,388,ராஜரத்தினம் நகர்
124,46,HR,DMK,379,ராஜரத்தினம் நகர்
125,46,HR,DMK,459,ராஜரத்தினம் நகர்
126,46,HR,DMK,596,உதயசூரியன் நகர்
127,46,HR,DMK,609,உதயசூரியன் நகர்
128,46,HR,DMK,251,எம்.கே.பி நகர்
129,46,HR,DMK,257,எம்.கே.பி நகர்
130,46,HR,DMK,207,மகாகவி பாரதி நகர்
131,46,HR,DMK,149,மகாகவி பாரதி நகர்
132,46,HR,DMK,228,மகாகவி பாரதி நகர்
133,46,HR,DMK,259,மகாகவி பாரதி நகர்
134,46,HR,DMK,333,மகாகவி பாரதி நகர்
135,46,HR,DMK,346,வசந்தம்கார்டன்
136,46,HR,DMK,228,மகாகவி பாரதி நகர்
137,46,HR,DMK,312,மகாகவி பாரதி நகர்
138,46,HR,DMK,319,எம்.கே.பி நகர்
139,46,HR,DMK,406,மகாகவி பாரதி நகர்
140,46,HR,DMK,251,எம்.கே.பி நகர்
141,46,HR,DMK,201,எம்.கே.பி நகர்
142,46,HR,DMK,378,எம்.கே.பி நகர்
143,46,HR,DMK,351,எம்.கே.பி நகர்
144,46,HR,DMK,243,எம்.கே.பி நகர்
145,46,HR,DMK,341,எம்.கே.பி நகர்
146,46,HR,DMK,397,எம்.கே.பி நகர்
147,46,HR,DMK,317,சத்தியமூர்த்தி நகர்
148,46,HR,DMK,294,சத்தியமூர்த்தி நகர்
149,46,HR,DMK,510,சத்தியமூர்த்தி நகர்
150,46,HR,DMK,521,சத்தியமூர்த்தி நகர்
151,46,HR,DMK,480,எம்.ஜி.ஆர். நகர்
152,46,HR,DMK,323,எம்.ஜி.ஆர். நகர்
153,46,HR,DMK,595,தாமோதரன் நகர்
154,46,HR,DMK,554,தேபர் நகர்
155,46,HR,DMK,477,ஜெகஜீவன்ராம் நகர்
156,46,HR,DMK,553,ஜெகஜீவன்ராம் நகர்
157,46,HR,DMK,477,சாமியார் மடம்
158,46,HR,DMK,300,சாமியார் மடம்
159,46,HR,DMK,206,சாமியார் மடம்
160,46,HR,DMK,546,அம்பேத்கார் தெரு
161,46,HR,DMK,492,நேருஜி தெரு
162,46,HR,DMK,501,எம் ஜி ஆர் தெரு
163,46,HR,DMK,400,காந்திஜி தெரு
164,46,HR,DMK,529,அண்ணா தெரு
165,46,HR,DMK,435,சத்தியபாமா தெரு
166,46,HR,DMK,472,திருப்பூர் குமரன் தெரு
167,46,HR,DMK,340,திரு.வி.க. தெரு
168,46,HR,DMK,213,பழனி ஆண்டவர் கோயில் தெரு
169,46,HR,DMK,442,வீரபாண்டியன் தெரு
170,46,HR,DMK,308,நெடுஞ்செழியன் தெரு
171,46,HR,DMK,352,துளசிங்கம் தெரு
172,46,HR,DMK,239,துளசிங்கம் தெரு
173,46,HR,DMK,276,துளசிங்கம் தெரு
174,46,HR,DMK,382,முனியப்ப தெரு
175,46,HR,DMK,422,முனியப்ப தெரு
176,46,HR,DMK,369,சுப்பிரமணிய பாரதி குறுக்கு தெரு
177,46,HR,DMK,328,மாதவரம் நெடுஞ்சாலை
178,46,HR,DMK,420,சுப்பிரமணியசாமி கோயில் தெரு
179,46,HR,DMK,363,காமராஜ் நகர்
180,46,HR,DMK,413,நட்டால் தோட்டம்
181,46,HR,DMK,238,மேல்பட்டி பொன்னப்பன் தெரு
182,46,HR,DMK,211,மேல்பட்டி பொன்னப்பன் தெரு
183,46,HR,DMK,531,ஆசிரியர் தெரு
184,46,HR,DMK,280,அண்ணா நகர் தெரு
185,46,HR,DMK,260,கோபால் தெரு
186,46,HR,DMK,452,பன்னீர் செல்வம் தெரு
187,46,HR,DMK,294,காமாட்சி தெரு
188,46,HR,DMK,282,உதயகுமார் தெரு
189,46,HR,DMK,321,அழகிரி சாமி தெரு
190,46,HR,DMK,336,அழகிரி சாமி தெரு
191,46,HR,DMK,578,முத்தமிழ் தெரு
192,46,HR,DMK,532,மணிமேகலை தெரு
193,46,HR,DMK,531,கே.வி.கே. சாமி தெரு
194,46,HR,DMK,508,பன்னீர் செல்வம் தெரு
195,46,HR,DMK,405,முகமது இஸ்மாயில் தெரு
196,46,HR,DMK,501,மதியழகன் தெரு
197,46,HR,DMK,398,மகாகவி பாரதி நகர்
198,46,HR,DMK,308,மகாகவி பாரதி நகர்
199,46,HR,DMK,211,மகாகவி பாரதி நகர்
200,46,HR,DMK,357,எம்.கே.பி நகர்
201,46,HR,DMK,613,சாஸ்திரிநகர்
202,46,HR,DMK,675,சாஸ்திரிநகர்
203,46,HR,DMK,394,சாஸ்திரிநகர்
204,46,HR,DMK,442,சாஸ்திரிநகர்
205,46,HR,DMK,604,சாஸ்திரிநகர்
206,46,HR,DMK,559,இந்திரா நகர்
207,46,HR,DMK,283,புது நகர்
208,46,HR,DMK,494,புது நகர்
209,46,HR,DMK,673,புது நகர்
210,46,HR,DMK,417,சர்மா நகர்
211,46,HR,DMK,287,சர்மா நகர்
212,46,HR,DMK,332,சர்மா நகர்
213,46,HR,DMK,493,திடீர் நகர்
214,46,HR,DMK,623,திடீர் நகர்
215,46,HR,DMK,545,பாரதி நகர்
216,46,HR,DMK,420,சிவகாமி அம்மையார் காலனி
217,46,HR,DMK,176,சிவகாமி அம்மையார் காலனி
218,46,HR,DMK,386,சிவகாமி அம்மையார் காலனி
219,46,HR,DMK,364,சிவகாமி அம்மையார் காலனி
220,46,HR,DMK,608,சிவகாமி அம்மையார் காலனி
221,46,HR,DMK,404,சிவகாமி அம்மையார் காலனி
222,46,HR,DMK,490,சிவகாமி அம்மையார் காலனி
223,46,HR,DMK,292,சிவகாமி அம்மையார் காலனி
224,46,HR,DMK,519,சிவகாமி அம்மையார் காலனி
225,46,HR,DMK,300,கருணாநிதி சாலை
226,46,HR,DMK,426,கருணாநிதி சாலை
227,46,HR,DMK,358,பக்தவச்சலம் காலனி
228,46,HR,DMK,464,பக்தவச்சலம் காலனி
229,46,HR,DMK,295,பக்தவச்சலம் காலனி
230,46,HR,DMK,319,பக்தவச்சலம் காலனி
231,46,HR,DMK,481,பக்தவச்சலம் காலனி
232,46,HR,DMK,263,பக்தவச்சலம் காலனி
233,46,HR,DMK,489,பக்தவச்சலம் காலனி
234,46,HR,DMK,164,பக்தவச்சலம் காலனி
235,46,HR,DMK,420,பக்தவச்சலம் காலனி
236,46,HR,DMK,377,பக்தவச்சலம் காலனி
237,46,HR,DMK,409,பக்தவச்சலம் காலனி
238,46,HR,DMK,553,பக்தவச்சலம் காலனி
239,46,HR,DMK,361,பக்தவச்சலம் காலனி
240,46,HR,DMK,222,பக்தவச்சலம் காலனி
241,46,HR,DMK,311,அன்னை சத்யா நகர்
242,46,HR,DMK,315,அன்னை சத்யா நகர்
243,46,HR,DMK,446,எம் எம் தோட்டம்
244,46,HR,DMK,473,எம் எம் தோட்டம்
245,46,HR,DMK,387,ஜானகிராம் தோட்டம் தெரு
246,46,HR,DMK,351,ரத்தினம் தெரு
247,46,HR,DMK,321,சின்னதம்பி தெரு
248,46,HR,DMK,605,ஸ்லாட்டர் ஹவுஸ் குடிசை
249,46,HR,DMK,450,வியாசர் நகர்
250,46,HR,DMK,235,பி பி சாலை
251,46,HR,DMK,211,பி பி சாலை
252,46,HR,DMK,235,பாலமுருகன் தெரு
253,46,HR,DMK,296,சாந்தி நகர் பிரதான சாலை
254,46,HR,DMK,350,சாந்தி நகர்
255,46,HR,DMK,476,பி & டி (பி.எஸ்.என். எல் குடியிருப்பு)
256,46,HR,DMK,639,சுந்தரம் தெரு
257,46,HR,DMK,408,சுந்தரம் தெரு
258,46,HR,DMK,340,பாலகிருஷ்ணன் தெரு
259,46,HR,DMK,254,கணேசபுரம்
260,46,HR,DMK,677,தேசிகானந்தபுரம்
261,46,HR,DMK,524,கக்கன்ஜி நகர்
262,46,HR,DMK,304,கக்கன்ஜி நகர்
263,46,HR,DMK,294,மேல்பட்டி பொன்னப்பன் தெரு
264,46,HR,DMK,566,மேல்பட்டி பொன்னப்பன் தெரு
265,46,HR,DMK,354,மேல்பட்டி பொன்னப்பன் தெரு
266,46,HR,DMK,385,மேல்பட்டி பொன்னப்பன் தெரு
267,46,HR,DMK,396,மேல்பட்டி பொன்னப்பன் தெரு
268,46,HR,DMK,278,மேல்பட்டி பொன்னப்பன் தெரு
269,46,HR,DMK,486,கரிமேடு காலனி தெரு
270,46,HR,DMK,345,கென்னடி நகர் தெரு
271,46,HR,DMK,336,கென்னடி நகர் தெரு
272,46,HR,DMK,517,நேரு நகர்
273,46,HR,DMK,526,மல்லிகைப்பூ காலனி
274,46,HR,DMK,298,மல்லிகைப்பூ காலனி
275,46,HR,DMK,347,மல்லிகைப்பூ காலனி
276,46,HR,DMK,614,மேகஸின்புரம்
277,46,HR,DMK,372,புதிய மேகஸின்புரம்
278,46,HR,DMK,678,ஜகஜீவன்ராம்நகர் மி. வா.குடியிருப்பு
279,46,HR,DMK,616,சத்தியமூர்த்தி நகர்
280,46,HR,DMK,618,சத்தியமூர்த்தி நகர்
281,46,HR,DMK,579,சத்தியமூர்த்தி நகர்
282,46,HR,DMK,419,எருக்கஞ்சேரி
283,46,HR,DMK,348,எருக்கஞ்சேரி
284,46,HR,DMK,135,எருக்கஞ்சேரி
285,46,HR,DMK,382,எருக்கஞ்சேரி
286,46,HR,DMK,371,பாலகிருஷ்ணன் தெரு
287,46,HR,DMK,456,மூர்த்திங்கர் தெரு
288,46,HR,DMK,390,முத்துமுதலிதெரு
289,46,HR,DMK,395,மூர்த்திங்கர்நகர்
290,46,HR,DMK,311,மூர்த்திங்கர்நகர்
291,46,HR,DMK,654,எ கல்யாணபுரம்
292,46,HR,DMK,587,பி கல்யாணபுரம்
293,46,HR,DMK,409,பி கல்யாணபுரம்
294,46,HR,DMK,440,பி கல்யாணபுரம்
295,46,HR,DMK,420,சி கல்யாணபுரம்
296,46,HR,DMK,559,சி கல்யாணபுரம்
297,46,HR,DMK,561,சி கல்யாணபுரம்
1,46,Mean,ADMK,260,ஜெய்பாலாஜிநகர்
2,46,Mean,ADMK,232,ஜஸ்வர்யாநகர்
3,46,Mean,ADMK,294,கடும்பாடிஅம்மன்கோயில்
4,46,Mean,ADMK,190,காந்திநகர்
5,46,Mean,ADMK,200,துர்கைஅவின்யுகலசப்பநாயக்கர்தெரு
6,46,Mean,ADMK,284,அமுதம்நகர்
7,46,Mean,ADMK,300,துர்கைஅவென்யுஇராஜம்மாள்தெரு
8,46,Mean,ADMK,220,தென்றல்நகர்
9,46,Mean,ADMK,146,இலட்சுமிஅம்மன்நகர்
10,46,Mean,ADMK,130,காவேரிநகர்
11,46,Mean,ADMK,210,என் எஸ் கே சாலை
12,46,Mean,ADMK,220,என் எஸ் கே சாலை
13,46,Mean,ADMK,256,வெங்கடேஸ்வராநகர்
14,46,Mean,ADMK,188,நாராயணசாமிதோட்டம்
15,46,Mean,ADMK,338,ஸ்ரீராம்நகர்
16,46,Mean,ADMK,214,வெங்கடேஸ்வராநகர்
17,46,Mean,ADMK,245,சீதாராம்நகர்
18,46,Mean,ADMK,324,திருவள்ளுவர்சாலை
19,46,Mean,ADMK,206,சின்னான்டிமடம்
20,46,Mean,ADMK,228,வெங்கடேஸ்வராகாலனி
21,46,Mean,ADMK,158,பெரியார்நகர்
22,46,Mean,ADMK,116,நரசிம்மரெட்டி
23,46,Mean,ADMK,268,ஆர் வி நகர்
24,46,Mean,ADMK,216,சாஸ்திரிநகர்
25,46,Mean,ADMK,252,கட்டபொம்மன் தெரு
26,46,Mean,ADMK,290,கட்டபொம்மன் தெரு
27,46,Mean,ADMK,198,கே கே ஆர் டவுன் குறுக்குதெரு
28,46,Mean,ADMK,313,ஜம்புலித்தெரு
29,46,Mean,ADMK,176,காந்திநகர்
30,46,Mean,ADMK,151,காந்திநகர்
31,46,Mean,ADMK,223,காந்திநகர்
32,46,Mean,ADMK,250,டீச்சர்ஸ்காலனி
33,46,Mean,ADMK,192,காமராஜர்சாலை
34,46,Mean,ADMK,170,காமராஜர்சாலை
35,46,Mean,ADMK,164,காமராஜர்சாலை
36,46,Mean,ADMK,238,தண்டையார்பேட்டைநெடுஞ்சாலை
37,46,Mean,ADMK,326,தலைவர்கிருஷ்ணன்தெரு
38,46,Mean,ADMK,144,யூனியன்கார்பைடுகாலனி
39,46,Mean,ADMK,200,யூனியன்கார்பைடுகாலனி
40,46,Mean,ADMK,210,யூனியன்கார்பைடுகாலனி
41,46,Mean,ADMK,206,முத்தமிழ்நகர்
42,46,Mean,ADMK,203,முத்தமிழ்நகர்
43,46,Mean,ADMK,236,முத்தமிழ்நகர்
44,46,Mean,ADMK,218,முத்தமிழ்நகர்
45,46,Mean,ADMK,239,முத்தமிழ்நகர்
46,46,Mean,ADMK,240,முத்தமிழ்நகர்
47,46,Mean,ADMK,159,முத்தமிழ்நகர்
48,46,Mean,ADMK,96,முத்தமிழ்நகர்
49,46,Mean,ADMK,160,முத்தமிழ்நகர்
50,46,Mean,ADMK,142,முத்தமிழ்நகர்
51,46,Mean,ADMK,294,அம்பேத்கார் தெரு
52,46,Mean,ADMK,249,முத்தமிழ்நகர்
53,46,Mean,ADMK,264,முத்தமிழ்நகர்
54,46,Mean,ADMK,167,முத்தமிழ்நகர்
55,46,Mean,ADMK,262,முத்தமிழ்நகர்
56,46,Mean,ADMK,201,முத்தமிழ்நகர்
57,46,Mean,ADMK,252,முத்தமிழ்நகர்
58,46,Mean,ADMK,186,முத்தமிழ்நகர்
59,46,Mean,ADMK,127,முத்தமிழ்நகர்
60,46,Mean,ADMK,241,முத்தமிழ்நகர்
61,46,Mean,ADMK,162,முத்தமிழ்நகர்
62,46,Mean,ADMK,229,முத்தமிழ்நகர்
63,46,Mean,ADMK,234,முத்தமிழ்நகர்
64,46,Mean,ADMK,243,முத்தமிழ்நகர்
65,46,Mean,ADMK,207,கருணாநிதி தெரு
66,46,Mean,ADMK,196,சீனிவாச பெருமாள் கோயில் தெரு
67,46,Mean,ADMK,161,திருவள்ளூவர் நகர்
68,46,Mean,ADMK,135,திருவள்ளூவர் நகர்
69,46,Mean,ADMK,222,திருவள்ளூவர் நகர்
70,46,Mean,ADMK,134,திருவள்ளூவர் நகர்
71,46,Mean,ADMK,260,திருவள்ளூவர் நகர்
72,46,Mean,ADMK,212,திருவள்ளூவர் நகர்
73,46,Mean,ADMK,198,திருவள்ளூவர் நகர்
74,46,Mean,ADMK,179,விவேகானந்தர் நகர்
75,46,Mean,ADMK,192,திருஞான சம்பந்தம் தெரு
76,46,Mean,ADMK,116,தொல்காப்பியர் தெரு
77,46,Mean,ADMK,131,மீனாம்பாள் சாலை
78,46,Mean,ADMK,139,வாசுகி நகர்
79,46,Mean,ADMK,202,கவியரசு கண்ணதாசன் நகர்
80,46,Mean,ADMK,215,கவியரசு கண்ணதாசன் நகர்
81,46,Mean,ADMK,165,கவியரசு கண்ணதாசன் நகர்
82,46,Mean,ADMK,190,கவியரசு கண்ணதாசன் நகர்
83,46,Mean,ADMK,209,சூழ்புணல்கரை
84,46,Mean,ADMK,258,சூழ்புணல்கரை
85,46,Mean,ADMK,176,மறைமலை அடிகள் தெரு
86,46,Mean,ADMK,173,பண்டித நேரு தெரு
87,46,Mean,ADMK,202,கவியரசு கண்ணதாசன் நகர்
88,46,Mean,ADMK,182,வ.ஊ.சி குறுக்கு தெரு
89,46,Mean,ADMK,355,புதிய வார்டு எண் 35 ஓம் சக்தி வினாயகர் கோயில் தெரு
90,46,Mean,ADMK,142,புதிய வார்டு எண் 36 எம்.ஆர்.நகர் முதல் தெரு
91,46,Mean,ADMK,185,எம் ஆர் நகர்
92,46,Mean,ADMK,246,லட்சுமி அம்மன் நகர்
93,46,Mean,ADMK,155,லட்சுமி அம்மன் நகர்
94,46,Mean,ADMK,188,அபிராமி அவென்யு
95,46,Mean,ADMK,211,கவியரசு கண்ணதாசன் நகர்
96,46,Mean,ADMK,182,அபிராமி அவென்யு
97,46,Mean,ADMK,140,சீனிவாசன் தெரு
98,46,Mean,ADMK,156,புதிய வார்டு எண் 37 அகத்தியர் தெரு
99,46,Mean,ADMK,231,டிவிகே லிங்க் ரோடு
100,46,Mean,ADMK,238,கிருஷ்ணமூர்த்தி நகர்
101,46,Mean,ADMK,152,சுப்பிரமணி தெரு
102,46,Mean,ADMK,142,கவியரசு கண்ணதாசன் நகர்
103,46,Mean,ADMK,198,கவியரசு கண்ணதாசன் நகர்
104,46,Mean,ADMK,163,கவியரசு கண்ணதாசன் நகர்
105,46,Mean,ADMK,160,கவியரசு கண்ணதாசன் நகர்
106,46,Mean,ADMK,215,கவியரசு கண்ணதாசன் நகர்
107,46,Mean,ADMK,176,கவியரசு கண்ணதாசன் நகர்
108,46,Mean,ADMK,192,கவியரசு கண்ணதாசன் நகர்
109,46,Mean,ADMK,178,கவியரசு கண்ணதாசன் நகர்
110,46,Mean,ADMK,238,நேரு நகர் நேதாஜி தெரு
111,46,Mean,ADMK,177,கிருஷ்ணமூர்த்தி சாலை
112,46,Mean,ADMK,152,ஜிஎன்டி ரோடு
113,46,Mean,ADMK,206,செயின்ட் ஜான் தெரு லீபனோன்புரம்
114,46,Mean,ADMK,180,பாரதியார் தெரு
115,46,Mean,ADMK,194,கைலாசம் தெரு
116,46,Mean,ADMK,214,அ.பொ.அரசு குறுக்குதெரு
117,46,Mean,ADMK,235,ஜெயபரஞ்சோதி தெரு
118,46,Mean,ADMK,203,அண்ணாசாலை
119,46,Mean,ADMK,218,கந்தசாமி கோயில் காலனி தெரு
120,46,Mean,ADMK,157,கண்ணபிரான் கோயில் தெரு
121,46,Mean,ADMK,173,சிவசங்கரன் தெரு
122,46,Mean,ADMK,244,ராஜரத்தினம் நகர்
123,46,Mean,ADMK,214,ராஜரத்தினம் நகர்
124,46,Mean,ADMK,300,ராஜரத்தினம் நகர்
125,46,Mean,ADMK,337,ராஜரத்தினம் நகர்
126,46,Mean,ADMK,398,உதயசூரியன் நகர்
127,46,Mean,ADMK,290,உதயசூரியன் நகர்
128,46,Mean,ADMK,143,எம்.கே.பி நகர்
129,46,Mean,ADMK,264,எம்.கே.பி நகர்
130,46,Mean,ADMK,192,மகாகவி பாரதி நகர்
131,46,Mean,ADMK,109,மகாகவி பாரதி நகர்
132,46,Mean,ADMK,171,மகாகவி பாரதி நகர்
133,46,Mean,ADMK,178,மகாகவி பாரதி நகர்
134,46,Mean,ADMK,140,மகாகவி பாரதி நகர்
135,46,Mean,ADMK,153,வசந்தம்கார்டன்
136,46,Mean,ADMK,190,மகாகவி பாரதி நகர்
137,46,Mean,ADMK,214,மகாகவி பாரதி நகர்
138,46,Mean,ADMK,124,எம்.கே.பி நகர்
139,46,Mean,ADMK,207,மகாகவி பாரதி நகர்
140,46,Mean,ADMK,172,எம்.கே.பி நகர்
141,46,Mean,ADMK,123,எம்.கே.பி நகர்
142,46,Mean,ADMK,240,எம்.கே.பி நகர்
143,46,Mean,ADMK,226,எம்.கே.பி நகர்
144,46,Mean,ADMK,108,எம்.கே.பி நகர்
145,46,Mean,ADMK,154,எம்.கே.பி நகர்
146,46,Mean,ADMK,216,எம்.கே.பி நகர்
147,46,Mean,ADMK,192,சத்தியமூர்த்தி நகர்
148,46,Mean,ADMK,222,சத்தியமூர்த்தி நகர்
149,46,Mean,ADMK,258,சத்தியமூர்த்தி நகர்
150,46,Mean,ADMK,178,சத்தியமூர்த்தி நகர்
151,46,Mean,ADMK,253,எம்.ஜி.ஆர். நகர்
152,46,Mean,ADMK,279,எம்.ஜி.ஆர். நகர்
153,46,Mean,ADMK,329,தாமோதரன் நகர்
154,46,Mean,ADMK,412,தேபர் நகர்
155,46,Mean,ADMK,307,ஜெகஜீவன்ராம் நகர்
156,46,Mean,ADMK,267,ஜெகஜீவன்ராம் நகர்
157,46,Mean,ADMK,325,சாமியார் மடம்
158,46,Mean,ADMK,258,சாமியார் மடம்
159,46,Mean,ADMK,166,சாமியார் மடம்
160,46,Mean,ADMK,300,அம்பேத்கார் தெரு
161,46,Mean,ADMK,249,நேருஜி தெரு
162,46,Mean,ADMK,272,எம் ஜி ஆர் தெரு
163,46,Mean,ADMK,296,காந்திஜி தெரு
164,46,Mean,ADMK,234,அண்ணா தெரு
165,46,Mean,ADMK,286,சத்தியபாமா தெரு
166,46,Mean,ADMK,268,திருப்பூர் குமரன் தெரு
167,46,Mean,ADMK,247,திரு.வி.க. தெரு
168,46,Mean,ADMK,174,பழனி ஆண்டவர் கோயில் தெரு
169,46,Mean,ADMK,271,வீரபாண்டியன் தெரு
170,46,Mean,ADMK,233,நெடுஞ்செழியன் தெரு
171,46,Mean,ADMK,178,துளசிங்கம் தெரு
172,46,Mean,ADMK,161,துளசிங்கம் தெரு
173,46,Mean,ADMK,170,துளசிங்கம் தெரு
174,46,Mean,ADMK,168,முனியப்ப தெரு
175,46,Mean,ADMK,255,முனியப்ப தெரு
176,46,Mean,ADMK,205,சுப்பிரமணிய பாரதி குறுக்கு தெரு
177,46,Mean,ADMK,194,மாதவரம் நெடுஞ்சாலை
178,46,Mean,ADMK,219,சுப்பிரமணியசாமி கோயில் தெரு
179,46,Mean,ADMK,219,காமராஜ் நகர்
180,46,Mean,ADMK,280,நட்டால் தோட்டம்
181,46,Mean,ADMK,185,மேல்பட்டி பொன்னப்பன் தெரு
182,46,Mean,ADMK,129,மேல்பட்டி பொன்னப்பன் தெரு
183,46,Mean,ADMK,254,ஆசிரியர் தெரு
184,46,Mean,ADMK,204,அண்ணா நகர் தெரு
185,46,Mean,ADMK,182,கோபால் தெரு
186,46,Mean,ADMK,283,பன்னீர் செல்வம் தெரு
187,46,Mean,ADMK,242,காமாட்சி தெரு
188,46,Mean,ADMK,183,உதயகுமார் தெரு
189,46,Mean,ADMK,205,அழகிரி சாமி தெரு
190,46,Mean,ADMK,192,அழகிரி சாமி தெரு
191,46,Mean,ADMK,270,முத்தமிழ் தெரு
192,46,Mean,ADMK,328,மணிமேகலை தெரு
193,46,Mean,ADMK,306,கே.வி.கே. சாமி தெரு
194,46,Mean,ADMK,246,பன்னீர் செல்வம் தெரு
195,46,Mean,ADMK,176,முகமது இஸ்மாயில் தெரு
196,46,Mean,ADMK,152,மதியழகன் தெரு
197,46,Mean,ADMK,194,மகாகவி பாரதி நகர்
198,46,Mean,ADMK,193,மகாகவி பாரதி நகர்
199,46,Mean,ADMK,114,மகாகவி பாரதி நகர்
200,46,Mean,ADMK,164,எம்.கே.பி நகர்
201,46,Mean,ADMK,265,சாஸ்திரிநகர்
202,46,Mean,ADMK,223,சாஸ்திரிநகர்
203,46,Mean,ADMK,155,சாஸ்திரிநகர்
204,46,Mean,ADMK,122,சாஸ்திரிநகர்
205,46,Mean,ADMK,206,சாஸ்திரிநகர்
206,46,Mean,ADMK,278,இந்திரா நகர்
207,46,Mean,ADMK,150,புது நகர்
208,46,Mean,ADMK,213,புது நகர்
209,46,Mean,ADMK,220,புது நகர்
210,46,Mean,ADMK,287,சர்மா நகர்
211,46,Mean,ADMK,240,சர்மா நகர்
212,46,Mean,ADMK,187,சர்மா நகர்
213,46,Mean,ADMK,251,திடீர் நகர்
214,46,Mean,ADMK,280,திடீர் நகர்
215,46,Mean,ADMK,300,பாரதி நகர்
216,46,Mean,ADMK,312,சிவகாமி அம்மையார் காலனி
217,46,Mean,ADMK,164,சிவகாமி அம்மையார் காலனி
218,46,Mean,ADMK,163,சிவகாமி அம்மையார் காலனி
219,46,Mean,ADMK,217,சிவகாமி அம்மையார் காலனி
220,46,Mean,ADMK,312,சிவகாமி அம்மையார் காலனி
221,46,Mean,ADMK,224,சிவகாமி அம்மையார் காலனி
222,46,Mean,ADMK,170,சிவகாமி அம்மையார் காலனி
223,46,Mean,ADMK,144,சிவகாமி அம்மையார் காலனி
224,46,Mean,ADMK,298,சிவகாமி அம்மையார் காலனி
225,46,Mean,ADMK,201,கருணாநிதி சாலை
226,46,Mean,ADMK,284,கருணாநிதி சாலை
227,46,Mean,ADMK,224,பக்தவச்சலம் காலனி
228,46,Mean,ADMK,306,பக்தவச்சலம் காலனி
229,46,Mean,ADMK,209,பக்தவச்சலம் காலனி
230,46,Mean,ADMK,214,பக்தவச்சலம் காலனி
231,46,Mean,ADMK,306,பக்தவச்சலம் காலனி
232,46,Mean,ADMK,151,பக்தவச்சலம் காலனி
233,46,Mean,ADMK,235,பக்தவச்சலம் காலனி
234,46,Mean,ADMK,124,பக்தவச்சலம் காலனி
235,46,Mean,ADMK,278,பக்தவச்சலம் காலனி
236,46,Mean,ADMK,296,பக்தவச்சலம் காலனி
237,46,Mean,ADMK,198,பக்தவச்சலம் காலனி
238,46,Mean,ADMK,296,பக்தவச்சலம் காலனி
239,46,Mean,ADMK,260,பக்தவச்சலம் காலனி
240,46,Mean,ADMK,140,பக்தவச்சலம் காலனி
241,46,Mean,ADMK,212,அன்னை சத்யா நகர்
242,46,Mean,ADMK,140,அன்னை சத்யா நகர்
243,46,Mean,ADMK,156,எம் எம் தோட்டம்
244,46,Mean,ADMK,152,எம் எம் தோட்டம்
245,46,Mean,ADMK,179,ஜானகிராம் தோட்டம் தெரு
246,46,Mean,ADMK,211,ரத்தினம் தெரு
247,46,Mean,ADMK,264,சின்னதம்பி தெரு
248,46,Mean,ADMK,267,ஸ்லாட்டர் ஹவுஸ் குடிசை
249,46,Mean,ADMK,206,வியாசர் நகர்
250,46,Mean,ADMK,127,பி பி சாலை
251,46,Mean,ADMK,144,பி பி சாலை
252,46,Mean,ADMK,153,பாலமுருகன் தெரு
253,46,Mean,ADMK,129,சாந்தி நகர் பிரதான சாலை
254,46,Mean,ADMK,180,சாந்தி நகர்
255,46,Mean,ADMK,122,பி & டி (பி.எஸ்.என். எல் குடியிருப்பு)
256,46,Mean,ADMK,218,சுந்தரம் தெரு
257,46,Mean,ADMK,180,சுந்தரம் தெரு
258,46,Mean,ADMK,269,பாலகிருஷ்ணன் தெரு
259,46,Mean,ADMK,108,கணேசபுரம்
260,46,Mean,ADMK,229,தேசிகானந்தபுரம்
261,46,Mean,ADMK,212,கக்கன்ஜி நகர்
262,46,Mean,ADMK,193,கக்கன்ஜி நகர்
263,46,Mean,ADMK,154,மேல்பட்டி பொன்னப்பன் தெரு
264,46,Mean,ADMK,322,மேல்பட்டி பொன்னப்பன் தெரு
265,46,Mean,ADMK,218,மேல்பட்டி பொன்னப்பன் தெரு
266,46,Mean,ADMK,186,மேல்பட்டி பொன்னப்பன் தெரு
267,46,Mean,ADMK,148,மேல்பட்டி பொன்னப்பன் தெரு
268,46,Mean,ADMK,157,மேல்பட்டி பொன்னப்பன் தெரு
269,46,Mean,ADMK,363,கரிமேடு காலனி தெரு
270,46,Mean,ADMK,239,கென்னடி நகர் தெரு
271,46,Mean,ADMK,176,கென்னடி நகர் தெரு
272,46,Mean,ADMK,336,நேரு நகர்
273,46,Mean,ADMK,353,மல்லிகைப்பூ காலனி
274,46,Mean,ADMK,268,மல்லிகைப்பூ காலனி
275,46,Mean,ADMK,206,மல்லிகைப்பூ காலனி
276,46,Mean,ADMK,222,மேகஸின்புரம்
277,46,Mean,ADMK,160,புதிய மேகஸின்புரம்
278,46,Mean,ADMK,281,ஜகஜீவன்ராம்நகர் மி. வா.குடியிருப்பு
279,46,Mean,ADMK,201,சத்தியமூர்த்தி நகர்
280,46,Mean,ADMK,260,சத்தியமூர்த்தி நகர்
281,46,Mean,ADMK,257,சத்தியமூர்த்தி நகர்
282,46,Mean,ADMK,275,எருக்கஞ்சேரி
283,46,Mean,ADMK,320,எருக்கஞ்சேரி
284,46,Mean,ADMK,132,எருக்கஞ்சேரி
285,46,Mean,ADMK,316,எருக்கஞ்சேரி
286,46,Mean,ADMK,286,பாலகிருஷ்ணன் தெரு
287,46,Mean,ADMK,257,மூர்த்திங்கர் தெரு
288,46,Mean,ADMK,309,முத்துமுதலிதெரு
289,46,Mean,ADMK,260,மூர்த்திங்கர்நகர்
290,46,Mean,ADMK,216,மூர்த்திங்கர்நகர்
291,46,Mean,ADMK,238,எ கல்யாணபுரம்
292,46,Mean,ADMK,339,பி கல்யாணபுரம்
293,46,Mean,ADMK,242,பி கல்யாணபுரம்
294,46,Mean,ADMK,204,பி கல்யாணபுரம்
295,46,Mean,ADMK,213,சி கல்யாணபுரம்
296,46,Mean,ADMK,259,சி கல்யாணபுரம்
297,46,Mean,ADMK,352,சி கல்யாணபுரம்
1,46,SD,ADMK,65,ஜெய்பாலாஜிநகர்
2,46,SD,ADMK,87,ஜஸ்வர்யாநகர்
3,46,SD,ADMK,161,கடும்பாடிஅம்மன்கோயில்
4,46,SD,ADMK,84,காந்திநகர்
5,46,SD,ADMK,100,துர்கைஅவின்யுகலசப்பநாயக்கர்தெரு
6,46,SD,ADMK,145,அமுதம்நகர்
7,46,SD,ADMK,118,துர்கைஅவென்யுஇராஜம்மாள்தெரு
8,46,SD,ADMK,177,தென்றல்நகர்
9,46,SD,ADMK,82,இலட்சுமிஅம்மன்நகர்
10,46,SD,ADMK,37,காவேரிநகர்
11,46,SD,ADMK,111,என் எஸ் கே சாலை
12,46,SD,ADMK,68,என் எஸ் கே சாலை
13,46,SD,ADMK,89,வெங்கடேஸ்வராநகர்
14,46,SD,ADMK,56,நாராயணசாமிதோட்டம்
15,46,SD,ADMK,65,ஸ்ரீராம்நகர்
16,46,SD,ADMK,58,வெங்கடேஸ்வராநகர்
17,46,SD,ADMK,91,சீதாராம்நகர்
18,46,SD,ADMK,112,திருவள்ளுவர்சாலை
19,46,SD,ADMK,59,சின்னான்டிமடம்
20,46,SD,ADMK,63,வெங்கடேஸ்வராகாலனி
21,46,SD,ADMK,91,பெரியார்நகர்
22,46,SD,ADMK,27,நரசிம்மரெட்டி
23,46,SD,ADMK,42,ஆர் வி நகர்
24,46,SD,ADMK,64,சாஸ்திரிநகர்
25,46,SD,ADMK,80,கட்டபொம்மன் தெரு
26,46,SD,ADMK,51,கட்டபொம்மன் தெரு
27,46,SD,ADMK,78,கே கே ஆர் டவுன் குறுக்குதெரு
28,46,SD,ADMK,27,ஜம்புலித்தெரு
29,46,SD,ADMK,120,காந்திநகர்
30,46,SD,ADMK,53,காந்திநகர்
31,46,SD,ADMK,73,காந்திநகர்
32,46,SD,ADMK,126,டீச்சர்ஸ்காலனி
33,46,SD,ADMK,57,காமராஜர்சாலை
34,46,SD,ADMK,45,காமராஜர்சாலை
35,46,SD,ADMK,54,காமராஜர்சாலை
36,46,SD,ADMK,97,தண்டையார்பேட்டைநெடுஞ்சாலை
37,46,SD,ADMK,158,தலைவர்கிருஷ்ணன்தெரு
38,46,SD,ADMK,98,யூனியன்கார்பைடுகாலனி
39,46,SD,ADMK,55,யூனியன்கார்பைடுகாலனி
40,46,SD,ADMK,64,யூனியன்கார்பைடுகாலனி
41,46,SD,ADMK,73,முத்தமிழ்நகர்
42,46,SD,ADMK,84,முத்தமிழ்நகர்
43,46,SD,ADMK,71,முத்தமிழ்நகர்
44,46,SD,ADMK,92,முத்தமிழ்நகர்
45,46,SD,ADMK,67,முத்தமிழ்நகர்
46,46,SD,ADMK,112,முத்தமிழ்நகர்
47,46,SD,ADMK,81,முத்தமிழ்நகர்
48,46,SD,ADMK,43,முத்தமிழ்நகர்
49,46,SD,ADMK,73,முத்தமிழ்நகர்
50,46,SD,ADMK,59,முத்தமிழ்நகர்
51,46,SD,ADMK,101,அம்பேத்கார் தெரு
52,46,SD,ADMK,101,முத்தமிழ்நகர்
53,46,SD,ADMK,182,முத்தமிழ்நகர்
54,46,SD,ADMK,51,முத்தமிழ்நகர்
55,46,SD,ADMK,101,முத்தமிழ்நகர்
56,46,SD,ADMK,56,முத்தமிழ்நகர்
57,46,SD,ADMK,85,முத்தமிழ்நகர்
58,46,SD,ADMK,106,முத்தமிழ்நகர்
59,46,SD,ADMK,44,முத்தமிழ்நகர்
60,46,SD,ADMK,129,முத்தமிழ்நகர்
61,46,SD,ADMK,42,முத்தமிழ்நகர்
62,46,SD,ADMK,66,முத்தமிழ்நகர்
63,46,SD,ADMK,120,முத்தமிழ்நகர்
64,46,SD,ADMK,83,முத்தமிழ்நகர்
65,46,SD,ADMK,143,கருணாநிதி தெரு
66,46,SD,ADMK,69,சீனிவாச பெருமாள் கோயில் தெரு
67,46,SD,ADMK,123,திருவள்ளூவர் நகர்
68,46,SD,ADMK,42,திருவள்ளூவர் நகர்
69,46,SD,ADMK,153,திருவள்ளூவர் நகர்
70,46,SD,ADMK,52,திருவள்ளூவர் நகர்
71,46,SD,ADMK,116,திருவள்ளூவர் நகர்
72,46,SD,ADMK,78,திருவள்ளூவர் நகர்
73,46,SD,ADMK,58,திருவள்ளூவர் நகர்
74,46,SD,ADMK,39,விவேகானந்தர் நகர்
75,46,SD,ADMK,104,திருஞான சம்பந்தம் தெரு
76,46,SD,ADMK,31,தொல்காப்பியர் தெரு
77,46,SD,ADMK,42,மீனாம்பாள் சாலை
78,46,SD,ADMK,35,வாசுகி நகர்
79,46,SD,ADMK,40,கவியரசு கண்ணதாசன் நகர்
80,46,SD,ADMK,73,கவியரசு கண்ணதாசன் நகர்
81,46,SD,ADMK,49,கவியரசு கண்ணதாசன் நகர்
82,46,SD,ADMK,48,கவியரசு கண்ணதாசன் நகர்
83,46,SD,ADMK,88,சூழ்புணல்கரை
84,46,SD,ADMK,116,சூழ்புணல்கரை
85,46,SD,ADMK,67,மறைமலை அடிகள் தெரு
86,46,SD,ADMK,93,பண்டித நேரு தெரு
87,46,SD,ADMK,20,கவியரசு கண்ணதாசன் நகர்
88,46,SD,ADMK,92,வ.ஊ.சி குறுக்கு தெரு
89,46,SD,ADMK,126,புதிய வார்டு எண் 35 ஓம் சக்தி வினாயகர் கோயில் தெரு
90,46,SD,ADMK,57,புதிய வார்டு எண் 36 எம்.ஆர்.நகர் முதல் தெரு
91,46,SD,ADMK,55,எம் ஆர் நகர்
92,46,SD,ADMK,85,லட்சுமி அம்மன் நகர்
93,46,SD,ADMK,74,லட்சுமி அம்மன் நகர்
94,46,SD,ADMK,45,அபிராமி அவென்யு
95,46,SD,ADMK,63,கவியரசு கண்ணதாசன் நகர்
96,46,SD,ADMK,42,அபிராமி அவென்யு
97,46,SD,ADMK,102,சீனிவாசன் தெரு
98,46,SD,ADMK,45,புதிய வார்டு எண் 37 அகத்தியர் தெரு
99,46,SD,ADMK,48,டிவிகே லிங்க் ரோடு
100,46,SD,ADMK,49,கிருஷ்ணமூர்த்தி நகர்
101,46,SD,ADMK,104,சுப்பிரமணி தெரு
102,46,SD,ADMK,32,கவியரசு கண்ணதாசன் நகர்
103,46,SD,ADMK,128,கவியரசு கண்ணதாசன் நகர்
104,46,SD,ADMK,37,கவியரசு கண்ணதாசன் நகர்
105,46,SD,ADMK,71,கவியரசு கண்ணதாசன் நகர்
106,46,SD,ADMK,101,கவியரசு கண்ணதாசன் நகர்
107,46,SD,ADMK,149,கவியரசு கண்ணதாசன் நகர்
108,46,SD,ADMK,33,கவியரசு கண்ணதாசன் நகர்
109,46,SD,ADMK,97,கவியரசு கண்ணதாசன் நகர்
110,46,SD,ADMK,89,நேரு நகர் நேதாஜி தெரு
111,46,SD,ADMK,93,கிருஷ்ணமூர்த்தி சாலை
112,46,SD,ADMK,34,ஜிஎன்டி ரோடு
113,46,SD,ADMK,123,செயின்ட் ஜான் தெரு லீபனோன்புரம்
114,46,SD,ADMK,63,பாரதியார் தெரு
115,46,SD,ADMK,93,கைலாசம் தெரு
116,46,SD,ADMK,101,அ.பொ.அரசு குறுக்குதெரு
117,46,SD,ADMK,93,ஜெயபரஞ்சோதி தெரு
118,46,SD,ADMK,85,அண்ணாசாலை
119,46,SD,ADMK,101,கந்தசாமி கோயில் காலனி தெரு
120,46,SD,ADMK,81,கண்ணபிரான் கோயில் தெரு
121,46,SD,ADMK,62,சிவசங்கரன் தெரு
122,46,SD,ADMK,115,ராஜரத்தினம் நகர்
123,46,SD,ADMK,49,ராஜரத்தினம் நகர்
124,46,SD,ADMK,50,ராஜரத்தினம் நகர்
125,46,SD,ADMK,63,ராஜரத்தினம் நகர்
126,46,SD,ADMK,184,உதயசூரியன் நகர்
127,46,SD,ADMK,145,உதயசூரியன் நகர்
128,46,SD,ADMK,22,எம்.கே.பி நகர்
129,46,SD,ADMK,97,எம்.கே.பி நகர்
130,46,SD,ADMK,91,மகாகவி பாரதி நகர்
131,46,SD,ADMK,41,மகாகவி பாரதி நகர்
132,46,SD,ADMK,51,மகாகவி பாரதி நகர்
133,46,SD,ADMK,57,மகாகவி பாரதி நகர்
134,46,SD,ADMK,78,மகாகவி பாரதி நகர்
135,46,SD,ADMK,66,வசந்தம்கார்டன்
136,46,SD,ADMK,85,மகாகவி பாரதி நகர்
137,46,SD,ADMK,60,மகாகவி பாரதி நகர்
138,46,SD,ADMK,45,எம்.கே.பி நகர்
139,46,SD,ADMK,32,மகாகவி பாரதி நகர்
140,46,SD,ADMK,99,எம்.கே.பி நகர்
141,46,SD,ADMK,16,எம்.கே.பி நகர்
142,46,SD,ADMK,69,எம்.கே.பி நகர்
143,46,SD,ADMK,47,எம்.கே.பி நகர்
144,46,SD,ADMK,36,எம்.கே.பி நகர்
145,46,SD,ADMK,57,எம்.கே.பி நகர்
146,46,SD,ADMK,69,எம்.கே.பி நகர்
147,46,SD,ADMK,121,சத்தியமூர்த்தி நகர்
148,46,SD,ADMK,124,சத்தியமூர்த்தி நகர்
149,46,SD,ADMK,114,சத்தியமூர்த்தி நகர்
150,46,SD,ADMK,110,சத்தியமூர்த்தி நகர்
151,46,SD,ADMK,100,எம்.ஜி.ஆர். நகர்
152,46,SD,ADMK,119,எம்.ஜி.ஆர். நகர்
153,46,SD,ADMK,172,தாமோதரன் நகர்
154,46,SD,ADMK,155,தேபர் நகர்
155,46,SD,ADMK,113,ஜெகஜீவன்ராம் நகர்
156,46,SD,ADMK,85,ஜெகஜீவன்ராம் நகர்
157,46,SD,ADMK,104,சாமியார் மடம்
158,46,SD,ADMK,132,சாமியார் மடம்
159,46,SD,ADMK,40,சாமியார் மடம்
160,46,SD,ADMK,147,அம்பேத்கார் தெரு
161,46,SD,ADMK,102,நேருஜி தெரு
162,46,SD,ADMK,124,எம் ஜி ஆர் தெரு
163,46,SD,ADMK,147,காந்திஜி தெரு
164,46,SD,ADMK,73,அண்ணா தெரு
165,46,SD,ADMK,118,சத்தியபாமா தெரு
166,46,SD,ADMK,92,திருப்பூர் குமரன் தெரு
167,46,SD,ADMK,140,திரு.வி.க. தெரு
168,46,SD,ADMK,156,பழனி ஆண்டவர் கோயில் தெரு
169,46,SD,ADMK,88,வீரபாண்டியன் தெரு
170,46,SD,ADMK,74,நெடுஞ்செழியன் தெரு
171,46,SD,ADMK,41,துளசிங்கம் தெரு
172,46,SD,ADMK,45,துளசிங்கம் தெரு
173,46,SD,ADMK,45,துளசிங்கம் தெரு
174,46,SD,ADMK,57,முனியப்ப தெரு
175,46,SD,ADMK,79,முனியப்ப தெரு
176,46,SD,ADMK,31,சுப்பிரமணிய பாரதி குறுக்கு தெரு
177,46,SD,ADMK,47,மாதவரம் நெடுஞ்சாலை
178,46,SD,ADMK,27,சுப்பிரமணியசாமி கோயில் தெரு
179,46,SD,ADMK,144,காமராஜ் நகர்
180,46,SD,ADMK,58,நட்டால் தோட்டம்
181,46,SD,ADMK,88,மேல்பட்டி பொன்னப்பன் தெரு
182,46,SD,ADMK,27,மேல்பட்டி பொன்னப்பன் தெரு
183,46,SD,ADMK,83,ஆசிரியர் தெரு
184,46,SD,ADMK,162,அண்ணா நகர் தெரு
185,46,SD,ADMK,49,கோபால் தெரு
186,46,SD,ADMK,72,பன்னீர் செல்வம் தெரு
187,46,SD,ADMK,184,காமாட்சி தெரு
188,46,SD,ADMK,74,உதயகுமார் தெரு
189,46,SD,ADMK,84,அழகிரி சாமி தெரு
190,46,SD,ADMK,64,அழகிரி சாமி தெரு
191,46,SD,ADMK,122,முத்தமிழ் தெரு
192,46,SD,ADMK,119,மணிமேகலை தெரு
193,46,SD,ADMK,127,கே.வி.கே. சாமி தெரு
194,46,SD,ADMK,127,பன்னீர் செல்வம் தெரு
195,46,SD,ADMK,148,முகமது இஸ்மாயில் தெரு
196,46,SD,ADMK,61,மதியழகன் தெரு
197,46,SD,ADMK,32,மகாகவி பாரதி நகர்
198,46,SD,ADMK,108,மகாகவி பாரதி நகர்
199,46,SD,ADMK,35,மகாகவி பாரதி நகர்
200,46,SD,ADMK,52,எம்.கே.பி நகர்
201,46,SD,ADMK,113,சாஸ்திரிநகர்
202,46,SD,ADMK,104,சாஸ்திரிநகர்
203,46,SD,ADMK,130,சாஸ்திரிநகர்
204,46,SD,ADMK,65,சாஸ்திரிநகர்
205,46,SD,ADMK,88,சாஸ்திரிநகர்
206,46,SD,ADMK,109,இந்திரா நகர்
207,46,SD,ADMK,89,புது நகர்
208,46,SD,ADMK,132,புது நகர்
209,46,SD,ADMK,110,புது நகர்
210,46,SD,ADMK,61,சர்மா நகர்
211,46,SD,ADMK,113,சர்மா நகர்
212,46,SD,ADMK,27,சர்மா நகர்
213,46,SD,ADMK,81,திடீர் நகர்
214,46,SD,ADMK,126,திடீர் நகர்
215,46,SD,ADMK,107,பாரதி நகர்
216,46,SD,ADMK,170,சிவகாமி அம்மையார் காலனி
217,46,SD,ADMK,75,சிவகாமி அம்மையார் காலனி
218,46,SD,ADMK,54,சிவகாமி அம்மையார் காலனி
219,46,SD,ADMK,93,சிவகாமி அம்மையார் காலனி
220,46,SD,ADMK,110,சிவகாமி அம்மையார் காலனி
221,46,SD,ADMK,144,சிவகாமி அம்மையார் காலனி
222,46,SD,ADMK,81,சிவகாமி அம்மையார் காலனி
223,46,SD,ADMK,66,சிவகாமி அம்மையார் காலனி
224,46,SD,ADMK,113,சிவகாமி அம்மையார் காலனி
225,46,SD,ADMK,82,கருணாநிதி சாலை
226,46,SD,ADMK,72,கருணாநிதி சாலை
227,46,SD,ADMK,74,பக்தவச்சலம் காலனி
228,46,SD,ADMK,101,பக்தவச்சலம் காலனி
229,46,SD,ADMK,178,பக்தவச்சலம் காலனி
230,46,SD,ADMK,65,பக்தவச்சலம் காலனி
231,46,SD,ADMK,169,பக்தவச்சலம் காலனி
232,46,SD,ADMK,81,பக்தவச்சலம் காலனி
233,46,SD,ADMK,117,பக்தவச்சலம் காலனி
234,46,SD,ADMK,90,பக்தவச்சலம் காலனி
235,46,SD,ADMK,163,பக்தவச்சலம் காலனி
236,46,SD,ADMK,133,பக்தவச்சலம் காலனி
237,46,SD,ADMK,103,பக்தவச்சலம் காலனி
238,46,SD,ADMK,134,பக்தவச்சலம் காலனி
239,46,SD,ADMK,174,பக்தவச்சலம் காலனி
240,46,SD,ADMK,78,பக்தவச்சலம் காலனி
241,46,SD,ADMK,116,அன்னை சத்யா நகர்
242,46,SD,ADMK,61,அன்னை சத்யா நகர்
243,46,SD,ADMK,109,எம் எம் தோட்டம்
244,46,SD,ADMK,49,எம் எம் தோட்டம்
245,46,SD,ADMK,63,ஜானகிராம் தோட்டம் தெரு
246,46,SD,ADMK,102,ரத்தினம் தெரு
247,46,SD,ADMK,83,சின்னதம்பி தெரு
248,46,SD,ADMK,153,ஸ்லாட்டர் ஹவுஸ் குடிசை
249,46,SD,ADMK,51,வியாசர் நகர்
250,46,SD,ADMK,27,பி பி சாலை
251,46,SD,ADMK,48,பி பி சாலை
252,46,SD,ADMK,98,பாலமுருகன் தெரு
253,46,SD,ADMK,28,சாந்தி நகர் பிரதான சாலை
254,46,SD,ADMK,67,சாந்தி நகர்
255,46,SD,ADMK,59,பி & டி (பி.எஸ்.என். எல் குடியிருப்பு)
256,46,SD,ADMK,97,சுந்தரம் தெரு
257,46,SD,ADMK,72,சுந்தரம் தெரு
258,46,SD,ADMK,133,பாலகிருஷ்ணன் தெரு
259,46,SD,ADMK,74,கணேசபுரம்
260,46,SD,ADMK,111,தேசிகானந்தபுரம்
261,46,SD,ADMK,77,கக்கன்ஜி நகர்
262,46,SD,ADMK,128,கக்கன்ஜி நகர்
263,46,SD,ADMK,53,மேல்பட்டி பொன்னப்பன் தெரு
264,46,SD,ADMK,135,மேல்பட்டி பொன்னப்பன் தெரு
265,46,SD,ADMK,79,மேல்பட்டி பொன்னப்பன் தெரு
266,46,SD,ADMK,65,மேல்பட்டி பொன்னப்பன் தெரு
267,46,SD,ADMK,79,மேல்பட்டி பொன்னப்பன் தெரு
268,46,SD,ADMK,79,மேல்பட்டி பொன்னப்பன் தெரு
269,46,SD,ADMK,113,கரிமேடு காலனி தெரு
270,46,SD,ADMK,187,கென்னடி நகர் தெரு
271,46,SD,ADMK,75,கென்னடி நகர் தெரு
272,46,SD,ADMK,97,நேரு நகர்
273,46,SD,ADMK,126,மல்லிகைப்பூ காலனி
274,46,SD,ADMK,151,மல்லிகைப்பூ காலனி
275,46,SD,ADMK,50,மல்லிகைப்பூ காலனி
276,46,SD,ADMK,111,மேகஸின்புரம்
277,46,SD,ADMK,57,புதிய மேகஸின்புரம்
278,46,SD,ADMK,109,ஜகஜீவன்ராம்நகர் மி. வா.குடியிருப்பு
279,46,SD,ADMK,88,சத்தியமூர்த்தி நகர்
280,46,SD,ADMK,128,சத்தியமூர்த்தி நகர்
281,46,SD,ADMK,106,சத்தியமூர்த்தி நகர்
282,46,SD,ADMK,74,எருக்கஞ்சேரி
283,46,SD,ADMK,142,எருக்கஞ்சேரி
284,46,SD,ADMK,102,எருக்கஞ்சேரி
285,46,SD,ADMK,101,எருக்கஞ்சேரி
286,46,SD,ADMK,93,பாலகிருஷ்ணன் தெரு
287,46,SD,ADMK,61,மூர்த்திங்கர் தெரு
288,46,SD,ADMK,81,முத்துமுதலிதெரு
289,46,SD,ADMK,144,மூர்த்திங்கர்நகர்
290,46,SD,ADMK,82,மூர்த்திங்கர்நகர்
291,46,SD,ADMK,116,எ கல்யாணபுரம்
292,46,SD,ADMK,153,பி கல்யாணபுரம்
293,46,SD,ADMK,102,பி கல்யாணபுரம்
294,46,SD,ADMK,81,பி கல்யாணபுரம்
295,46,SD,ADMK,106,சி கல்யாணபுரம்
296,46,SD,ADMK,118,சி கல்யாணபுரம்
297,46,SD,ADMK,177,சி கல்யாணபுரம்
1,46,LR,ADMK,195,ஜெய்பாலாஜிநகர்
2,46,LR,ADMK,144,ஜஸ்வர்யாநகர்
3,46,LR,ADMK,133,கடும்பாடிஅம்மன்கோயில்
4,46,LR,ADMK,106,காந்திநகர்
5,46,LR,ADMK,100,துர்கைஅவின்யுகலசப்பநாயக்கர்தெரு
6,46,LR,ADMK,139,அமுதம்நகர்
7,46,LR,ADMK,181,துர்கைஅவென்யுஇராஜம்மாள்தெரு
8,46,LR,ADMK,42,தென்றல்நகர்
9,46,LR,ADMK,64,இலட்சுமிஅம்மன்நகர்
10,46,LR,ADMK,94,காவேரிநகர்
11,46,LR,ADMK,99,என் எஸ் கே சாலை
12,46,LR,ADMK,152,என் எஸ் கே சாலை
13,46,LR,ADMK,168,வெங்கடேஸ்வராநகர்
14,46,LR,ADMK,132,நாராயணசாமிதோட்டம்
15,46,LR,ADMK,273,ஸ்ரீராம்நகர்
16,46,LR,ADMK,156,வெங்கடேஸ்வராநகர்
17,46,LR,ADMK,154,சீதாராம்நகர்
18,46,LR,ADMK,213,திருவள்ளுவர்சாலை
19,46,LR,ADMK,148,சின்னான்டிமடம்
20,46,LR,ADMK,166,வெங்கடேஸ்வராகாலனி
21,46,LR,ADMK,67,பெரியார்நகர்
22,46,LR,ADMK,89,நரசிம்மரெட்டி
23,46,LR,ADMK,227,ஆர் வி நகர்
24,46,LR,ADMK,151,சாஸ்திரிநகர்
25,46,LR,ADMK,173,கட்டபொம்மன் தெரு
26,46,LR,ADMK,239,கட்டபொம்மன் தெரு
27,46,LR,ADMK,121,கே கே ஆர் டவுன் குறுக்குதெரு
28,46,LR,ADMK,286,ஜம்புலித்தெரு
29,46,LR,ADMK,56,காந்திநகர்
30,46,LR,ADMK,99,காந்திநகர்
31,46,LR,ADMK,149,காந்திநகர்
32,46,LR,ADMK,123,டீச்சர்ஸ்காலனி
33,46,LR,ADMK,135,காமராஜர்சாலை
34,46,LR,ADMK,125,காமராஜர்சாலை
35,46,LR,ADMK,111,காமராஜர்சாலை
36,46,LR,ADMK,141,தண்டையார்பேட்டைநெடுஞ்சாலை
37,46,LR,ADMK,168,தலைவர்கிருஷ்ணன்தெரு
38,46,LR,ADMK,47,யூனியன்கார்பைடுகாலனி
39,46,LR,ADMK,145,யூனியன்கார்பைடுகாலனி
40,46,LR,ADMK,147,யூனியன்கார்பைடுகாலனி
41,46,LR,ADMK,133,முத்தமிழ்நகர்
42,46,LR,ADMK,119,முத்தமிழ்நகர்
43,46,LR,ADMK,165,முத்தமிழ்நகர்
44,46,LR,ADMK,127,முத்தமிழ்நகர்
45,46,LR,ADMK,172,முத்தமிழ்நகர்
46,46,LR,ADMK,127,முத்தமிழ்நகர்
47,46,LR,ADMK,78,முத்தமிழ்நகர்
48,46,LR,ADMK,52,முத்தமிழ்நகர்
49,46,LR,ADMK,88,முத்தமிழ்நகர்
50,46,LR,ADMK,84,முத்தமிழ்நகர்
51,46,LR,ADMK,193,அம்பேத்கார் தெரு
52,46,LR,ADMK,148,முத்தமிழ்நகர்
53,46,LR,ADMK,82,முத்தமிழ்நகர்
54,46,LR,ADMK,116,முத்தமிழ்நகர்
55,46,LR,ADMK,161,முத்தமிழ்நகர்
56,46,LR,ADMK,145,முத்தமிழ்நகர்
57,46,LR,ADMK,167,முத்தமிழ்நகர்
58,46,LR,ADMK,80,முத்தமிழ்நகர்
59,46,LR,ADMK,83,முத்தமிழ்நகர்
60,46,LR,ADMK,111,முத்தமிழ்நகர்
61,46,LR,ADMK,120,முத்தமிழ்நகர்
62,46,LR,ADMK,163,முத்தமிழ்நகர்
63,46,LR,ADMK,114,முத்தமிழ்நகர்
64,46,LR,ADMK,160,முத்தமிழ்நகர்
65,46,LR,ADMK,64,கருணாநிதி தெரு
66,46,LR,ADMK,127,சீனிவாச பெருமாள் கோயில் தெரு
67,46,LR,ADMK,38,திருவள்ளூவர் நகர்
68,46,LR,ADMK,93,திருவள்ளூவர் நகர்
69,46,LR,ADMK,69,திருவள்ளூவர் நகர்
70,46,LR,ADMK,81,திருவள்ளூவர் நகர்
71,46,LR,ADMK,144,திருவள்ளூவர் நகர்
72,46,LR,ADMK,135,திருவள்ளூவர் நகர்
73,46,LR,ADMK,139,திருவள்ளூவர் நகர்
74,46,LR,ADMK,140,விவேகானந்தர் நகர்
75,46,LR,ADMK,88,திருஞான சம்பந்தம் தெரு
76,46,LR,ADMK,84,தொல்காப்பியர் தெரு
77,46,LR,ADMK,89,மீனாம்பாள் சாலை
78,46,LR,ADMK,104,வாசுகி நகர்
79,46,LR,ADMK,162,கவியரசு கண்ணதாசன் நகர்
80,46,LR,ADMK,142,கவியரசு கண்ணதாசன் நகர்
81,46,LR,ADMK,116,கவியரசு கண்ணதாசன் நகர்
82,46,LR,ADMK,142,கவியரசு கண்ணதாசன் நகர்
83,46,LR,ADMK,121,சூழ்புணல்கரை
84,46,LR,ADMK,142,சூழ்புணல்கரை
85,46,LR,ADMK,109,மறைமலை அடிகள் தெரு
86,46,LR,ADMK,80,பண்டித நேரு தெரு
87,46,LR,ADMK,181,கவியரசு கண்ணதாசன் நகர்
88,46,LR,ADMK,90,வ.ஊ.சி குறுக்கு தெரு
89,46,LR,ADMK,229,புதிய வார்டு எண் 35 ஓம் சக்தி வினாயகர் கோயில் தெரு
90,46,LR,ADMK,85,புதிய வார்டு எண் 36 எம்.ஆர்.நகர் முதல் தெரு
91,46,LR,ADMK,130,எம் ஆர் நகர்
92,46,LR,ADMK,160,லட்சுமி அம்மன் நகர்
93,46,LR,ADMK,81,லட்சுமி அம்மன் நகர்
94,46,LR,ADMK,143,அபிராமி அவென்யு
95,46,LR,ADMK,149,கவியரசு கண்ணதாசன் நகர்
96,46,LR,ADMK,140,அபிராமி அவென்யு
97,46,LR,ADMK,37,சீனிவாசன் தெரு
98,46,LR,ADMK,110,புதிய வார்டு எண் 37 அகத்தியர் தெரு
99,46,LR,ADMK,183,டிவிகே லிங்க் ரோடு
100,46,LR,ADMK,190,கிருஷ்ணமூர்த்தி நகர்
101,46,LR,ADMK,48,சுப்பிரமணி தெரு
102,46,LR,ADMK,110,கவியரசு கண்ணதாசன் நகர்
103,46,LR,ADMK,70,கவியரசு கண்ணதாசன் நகர்
104,46,LR,ADMK,125,கவியரசு கண்ணதாசன் நகர்
105,46,LR,ADMK,89,கவியரசு கண்ணதாசன் நகர்
106,46,LR,ADMK,114,கவியரசு கண்ணதாசன் நகர்
107,46,LR,ADMK,27,கவியரசு கண்ணதாசன் நகர்
108,46,LR,ADMK,159,கவியரசு கண்ணதாசன் நகர்
109,46,LR,ADMK,82,கவியரசு கண்ணதாசன் நகர்
110,46,LR,ADMK,148,நேரு நகர் நேதாஜி தெரு
111,46,LR,ADMK,84,கிருஷ்ணமூர்த்தி சாலை
112,46,LR,ADMK,118,ஜிஎன்டி ரோடு
113,46,LR,ADMK,82,செயின்ட் ஜான் தெரு லீபனோன்புரம்
114,46,LR,ADMK,118,பாரதியார் தெரு
115,46,LR,ADMK,101,கைலாசம் தெரு
116,46,LR,ADMK,113,அ.பொ.அரசு குறுக்குதெரு
117,46,LR,ADMK,142,ஜெயபரஞ்சோதி தெரு
118,46,LR,ADMK,118,அண்ணாசாலை
119,46,LR,ADMK,118,கந்தசாமி கோயில் காலனி தெரு
120,46,LR,ADMK,76,கண்ணபிரான் கோயில் தெரு
121,46,LR,ADMK,111,சிவசங்கரன் தெரு
122,46,LR,ADMK,129,ராஜரத்தினம் நகர்
123,46,LR,ADMK,165,ராஜரத்தினம் நகர்
124,46,LR,ADMK,250,ராஜரத்தினம் நகர்
125,46,LR,ADMK,274,ராஜரத்தினம் நகர்
126,46,LR,ADMK,214,உதயசூரியன் நகர்
127,46,LR,ADMK,145,உதயசூரியன் நகர்
128,46,LR,ADMK,121,எம்.கே.பி நகர்
129,46,LR,ADMK,167,எம்.கே.பி நகர்
130,46,LR,ADMK,101,மகாகவி பாரதி நகர்
131,46,LR,ADMK,68,மகாகவி பாரதி நகர்
132,46,LR,ADMK,120,மகாகவி பாரதி நகர்
133,46,LR,ADMK,121,மகாகவி பாரதி நகர்
134,46,LR,ADMK,62,மகாகவி பாரதி நகர்
135,46,LR,ADMK,87,வசந்தம்கார்டன்
136,46,LR,ADMK,105,மகாகவி பாரதி நகர்
137,46,LR,ADMK,154,மகாகவி பாரதி நகர்
138,46,LR,ADMK,79,எம்.கே.பி நகர்
139,46,LR,ADMK,175,மகாகவி பாரதி நகர்
140,46,LR,ADMK,73,எம்.கே.பி நகர்
141,46,LR,ADMK,107,எம்.கே.பி நகர்
142,46,LR,ADMK,172,எம்.கே.பி நகர்
143,46,LR,ADMK,179,எம்.கே.பி நகர்
144,46,LR,ADMK,72,எம்.கே.பி நகர்
145,46,LR,ADMK,98,எம்.கே.பி நகர்
146,46,LR,ADMK,147,எம்.கே.பி நகர்
147,46,LR,ADMK,71,சத்தியமூர்த்தி நகர்
148,46,LR,ADMK,97,சத்தியமூர்த்தி நகர்
149,46,LR,ADMK,145,சத்தியமூர்த்தி நகர்
150,46,LR,ADMK,68,சத்தியமூர்த்தி நகர்
151,46,LR,ADMK,153,எம்.ஜி.ஆர். நகர்
152,46,LR,ADMK,160,எம்.ஜி.ஆர். நகர்
153,46,LR,ADMK,157,தாமோதரன் நகர்
154,46,LR,ADMK,256,தேபர் நகர்
155,46,LR,ADMK,194,ஜெகஜீவன்ராம் நகர்
156,46,LR,ADMK,182,ஜெகஜீவன்ராம் நகர்
157,46,LR,ADMK,221,சாமியார் மடம்
158,46,LR,ADMK,126,சாமியார் மடம்
159,46,LR,ADMK,126,சாமியார் மடம்
160,46,LR,ADMK,154,அம்பேத்கார் தெரு
161,46,LR,ADMK,146,நேருஜி தெரு
162,46,LR,ADMK,148,எம் ஜி ஆர் தெரு
163,46,LR,ADMK,150,காந்திஜி தெரு
164,46,LR,ADMK,161,அண்ணா தெரு
165,46,LR,ADMK,168,சத்தியபாமா தெரு
166,46,LR,ADMK,176,திருப்பூர் குமரன் தெரு
167,46,LR,ADMK,107,திரு.வி.க. தெரு
168,46,LR,ADMK,18,பழனி ஆண்டவர் கோயில் தெரு
169,46,LR,ADMK,183,வீரபாண்டியன் தெரு
170,46,LR,ADMK,159,நெடுஞ்செழியன் தெரு
171,46,LR,ADMK,136,துளசிங்கம் தெரு
172,46,LR,ADMK,116,துளசிங்கம் தெரு
173,46,LR,ADMK,125,துளசிங்கம் தெரு
174,46,LR,ADMK,111,முனியப்ப தெரு
175,46,LR,ADMK,176,முனியப்ப தெரு
176,46,LR,ADMK,174,சுப்பிரமணிய பாரதி குறுக்கு தெரு
177,46,LR,ADMK,147,மாதவரம் நெடுஞ்சாலை
178,46,LR,ADMK,192,சுப்பிரமணியசாமி கோயில் தெரு
179,46,LR,ADMK,75,காமராஜ் நகர்
180,46,LR,ADMK,223,நட்டால் தோட்டம்
181,46,LR,ADMK,97,மேல்பட்டி பொன்னப்பன் தெரு
182,46,LR,ADMK,102,மேல்பட்டி பொன்னப்பன் தெரு
183,46,LR,ADMK,172,ஆசிரியர் தெரு
184,46,LR,ADMK,42,அண்ணா நகர் தெரு
185,46,LR,ADMK,133,கோபால் தெரு
186,46,LR,ADMK,211,பன்னீர் செல்வம் தெரு
187,46,LR,ADMK,59,காமாட்சி தெரு
188,46,LR,ADMK,109,உதயகுமார் தெரு
189,46,LR,ADMK,121,அழகிரி சாமி தெரு
190,46,LR,ADMK,128,அழகிரி சாமி தெரு
191,46,LR,ADMK,148,முத்தமிழ் தெரு
192,46,LR,ADMK,209,மணிமேகலை தெரு
193,46,LR,ADMK,178,கே.வி.கே. சாமி தெரு
194,46,LR,ADMK,118,பன்னீர் செல்வம் தெரு
195,46,LR,ADMK,29,முகமது இஸ்மாயில் தெரு
196,46,LR,ADMK,91,மதியழகன் தெரு
197,46,LR,ADMK,161,மகாகவி பாரதி நகர்
198,46,LR,ADMK,84,மகாகவி பாரதி நகர்
199,46,LR,ADMK,78,மகாகவி பாரதி நகர்
200,46,LR,ADMK,112,எம்.கே.பி நகர்
201,46,LR,ADMK,152,சாஸ்திரிநகர்
202,46,LR,ADMK,119,சாஸ்திரிநகர்
203,46,LR,ADMK,25,சாஸ்திரிநகர்
204,46,LR,ADMK,57,சாஸ்திரிநகர்
205,46,LR,ADMK,118,சாஸ்திரிநகர்
206,46,LR,ADMK,170,இந்திரா நகர்
207,46,LR,ADMK,61,புது நகர்
208,46,LR,ADMK,81,புது நகர்
209,46,LR,ADMK,110,புது நகர்
210,46,LR,ADMK,226,சர்மா நகர்
211,46,LR,ADMK,127,சர்மா நகர்
212,46,LR,ADMK,160,சர்மா நகர்
213,46,LR,ADMK,170,திடீர் நகர்
214,46,LR,ADMK,155,திடீர் நகர்
215,46,LR,ADMK,193,பாரதி நகர்
216,46,LR,ADMK,143,சிவகாமி அம்மையார் காலனி
217,46,LR,ADMK,89,சிவகாமி அம்மையார் காலனி
218,46,LR,ADMK,109,சிவகாமி அம்மையார் காலனி
219,46,LR,ADMK,124,சிவகாமி அம்மையார் காலனி
220,46,LR,ADMK,201,சிவகாமி அம்மையார் காலனி
221,46,LR,ADMK,80,சிவகாமி அம்மையார் காலனி
222,46,LR,ADMK,89,சிவகாமி அம்மையார் காலனி
223,46,LR,ADMK,77,சிவகாமி அம்மையார் காலனி
224,46,LR,ADMK,184,சிவகாமி அம்மையார் காலனி
225,46,LR,ADMK,118,கருணாநிதி சாலை
226,46,LR,ADMK,212,கருணாநிதி சாலை
227,46,LR,ADMK,151,பக்தவச்சலம் காலனி
228,46,LR,ADMK,205,பக்தவச்சலம் காலனி
229,46,LR,ADMK,31,பக்தவச்சலம் காலனி
230,46,LR,ADMK,149,பக்தவச்சலம் காலனி
231,46,LR,ADMK,137,பக்தவச்சலம் காலனி
232,46,LR,ADMK,70,பக்தவச்சலம் காலனி
233,46,LR,ADMK,118,பக்தவச்சலம் காலனி
234,46,LR,ADMK,35,பக்தவச்சலம் காலனி
235,46,LR,ADMK,116,பக்தவச்சலம் காலனி
236,46,LR,ADMK,163,பக்தவச்சலம் காலனி
237,46,LR,ADMK,95,பக்தவச்சலம் காலனி
238,46,LR,ADMK,162,பக்தவச்சலம் காலனி
239,46,LR,ADMK,87,பக்தவச்சலம் காலனி
240,46,LR,ADMK,62,பக்தவச்சலம் காலனி
241,46,LR,ADMK,96,அன்னை சத்யா நகர்
242,46,LR,ADMK,80,அன்னை சத்யா நகர்
243,46,LR,ADMK,47,எம் எம் தோட்டம்
244,46,LR,ADMK,103,எம் எம் தோட்டம்
245,46,LR,ADMK,116,ஜானகிராம் தோட்டம் தெரு
246,46,LR,ADMK,109,ரத்தினம் தெரு
247,46,LR,ADMK,182,சின்னதம்பி தெரு
248,46,LR,ADMK,115,ஸ்லாட்டர் ஹவுஸ் குடிசை
249,46,LR,ADMK,156,வியாசர் நகர்
250,46,LR,ADMK,100,பி பி சாலை
251,46,LR,ADMK,97,பி பி சாலை
252,46,LR,ADMK,54,பாலமுருகன் தெரு
253,46,LR,ADMK,101,சாந்தி நகர் பிரதான சாலை
254,46,LR,ADMK,113,சாந்தி நகர்
255,46,LR,ADMK,63,பி & டி (பி.எஸ்.என். எல் குடியிருப்பு)
256,46,LR,ADMK,121,சுந்தரம் தெரு
257,46,LR,ADMK,108,சுந்தரம் தெரு
258,46,LR,ADMK,137,பாலகிருஷ்ணன் தெரு
259,46,LR,ADMK,35,கணேசபுரம்
260,46,LR,ADMK,118,தேசிகானந்தபுரம்
261,46,LR,ADMK,135,கக்கன்ஜி நகர்
262,46,LR,ADMK,65,கக்கன்ஜி நகர்
263,46,LR,ADMK,102,மேல்பட்டி பொன்னப்பன் தெரு
264,46,LR,ADMK,188,மேல்பட்டி பொன்னப்பன் தெரு
265,46,LR,ADMK,139,மேல்பட்டி பொன்னப்பன் தெரு
266,46,LR,ADMK,121,மேல்பட்டி பொன்னப்பன் தெரு
267,46,LR,ADMK,69,மேல்பட்டி பொன்னப்பன் தெரு
268,46,LR,ADMK,78,மேல்பட்டி பொன்னப்பன் தெரு
269,46,LR,ADMK,250,கரிமேடு காலனி தெரு
270,46,LR,ADMK,52,கென்னடி நகர் தெரு
271,46,LR,ADMK,101,கென்னடி நகர் தெரு
272,46,LR,ADMK,239,நேரு நகர்
273,46,LR,ADMK,227,மல்லிகைப்பூ காலனி
274,46,LR,ADMK,117,மல்லிகைப்பூ காலனி
275,46,LR,ADMK,157,மல்லிகைப்பூ காலனி
276,46,LR,ADMK,111,மேகஸின்புரம்
277,46,LR,ADMK,103,புதிய மேகஸின்புரம்
278,46,LR,ADMK,172,ஜகஜீவன்ராம்நகர் மி. வா.குடியிருப்பு
279,46,LR,ADMK,113,சத்தியமூர்த்தி நகர்
280,46,LR,ADMK,132,சத்தியமூர்த்தி நகர்
281,46,LR,ADMK,151,சத்தியமூர்த்தி நகர்
282,46,LR,ADMK,201,எருக்கஞ்சேரி
283,46,LR,ADMK,179,எருக்கஞ்சேரி
284,46,LR,ADMK,31,எருக்கஞ்சேரி
285,46,LR,ADMK,215,எருக்கஞ்சேரி
286,46,LR,ADMK,193,பாலகிருஷ்ணன் தெரு
287,46,LR,ADMK,196,மூர்த்திங்கர் தெரு
288,46,LR,ADMK,228,முத்துமுதலிதெரு
289,46,LR,ADMK,116,மூர்த்திங்கர்நகர்
290,46,LR,ADMK,134,மூர்த்திங்கர்நகர்
291,46,LR,ADMK,122,எ கல்யாணபுரம்
292,46,LR,ADMK,186,பி கல்யாணபுரம்
293,46,LR,ADMK,140,பி கல்யாணபுரம்
294,46,LR,ADMK,123,பி கல்யாணபுரம்
295,46,LR,ADMK,107,சி கல்யாணபுரம்
296,46,LR,ADMK,141,சி கல்யாணபுரம்
297,46,LR,ADMK,176,சி கல்யாணபுரம்
1,46,HR,ADMK,325,ஜெய்பாலாஜிநகர்
2,46,HR,ADMK,319,ஜஸ்வர்யாநகர்
3,46,HR,ADMK,455,கடும்பாடிஅம்மன்கோயில்
4,46,HR,ADMK,274,காந்திநகர்
5,46,HR,ADMK,300,துர்கைஅவின்யுகலசப்பநாயக்கர்தெரு
6,46,HR,ADMK,429,அமுதம்நகர்
7,46,HR,ADMK,418,துர்கைஅவென்யுஇராஜம்மாள்தெரு
8,46,HR,ADMK,397,தென்றல்நகர்
9,46,HR,ADMK,227,இலட்சுமிஅம்மன்நகர்
10,46,HR,ADMK,167,காவேரிநகர்
11,46,HR,ADMK,322,என் எஸ் கே சாலை
12,46,HR,ADMK,287,என் எஸ் கே சாலை
13,46,HR,ADMK,345,வெங்கடேஸ்வராநகர்
14,46,HR,ADMK,244,நாராயணசாமிதோட்டம்
15,46,HR,ADMK,403,ஸ்ரீராம்நகர்
16,46,HR,ADMK,273,வெங்கடேஸ்வராநகர்
17,46,HR,ADMK,335,சீதாராம்நகர்
18,46,HR,ADMK,436,திருவள்ளுவர்சாலை
19,46,HR,ADMK,265,சின்னான்டிமடம்
20,46,HR,ADMK,291,வெங்கடேஸ்வராகாலனி
21,46,HR,ADMK,249,பெரியார்நகர்
22,46,HR,ADMK,144,நரசிம்மரெட்டி
23,46,HR,ADMK,310,ஆர் வி நகர்
24,46,HR,ADMK,280,சாஸ்திரிநகர்
25,46,HR,ADMK,332,கட்டபொம்மன் தெரு
26,46,HR,ADMK,341,கட்டபொம்மன் தெரு
27,46,HR,ADMK,276,கே கே ஆர் டவுன் குறுக்குதெரு
28,46,HR,ADMK,340,ஜம்புலித்தெரு
29,46,HR,ADMK,296,காந்திநகர்
30,46,HR,ADMK,204,காந்திநகர்
31,46,HR,ADMK,296,காந்திநகர்
32,46,HR,ADMK,376,டீச்சர்ஸ்காலனி
33,46,HR,ADMK,249,காமராஜர்சாலை
34,46,HR,ADMK,214,காமராஜர்சாலை
35,46,HR,ADMK,218,காமராஜர்சாலை
36,46,HR,ADMK,335,தண்டையார்பேட்டைநெடுஞ்சாலை
37,46,HR,ADMK,484,தலைவர்கிருஷ்ணன்தெரு
38,46,HR,ADMK,242,யூனியன்கார்பைடுகாலனி
39,46,HR,ADMK,255,யூனியன்கார்பைடுகாலனி
40,46,HR,ADMK,274,யூனியன்கார்பைடுகாலனி
41,46,HR,ADMK,279,முத்தமிழ்நகர்
42,46,HR,ADMK,287,முத்தமிழ்நகர்
43,46,HR,ADMK,306,முத்தமிழ்நகர்
44,46,HR,ADMK,310,முத்தமிழ்நகர்
45,46,HR,ADMK,306,முத்தமிழ்நகர்
46,46,HR,ADMK,352,முத்தமிழ்நகர்
47,46,HR,ADMK,240,முத்தமிழ்நகர்
48,46,HR,ADMK,139,முத்தமிழ்நகர்
49,46,HR,ADMK,233,முத்தமிழ்நகர்
50,46,HR,ADMK,201,முத்தமிழ்நகர்
51,46,HR,ADMK,396,அம்பேத்கார் தெரு
52,46,HR,ADMK,350,முத்தமிழ்நகர்
53,46,HR,ADMK,446,முத்தமிழ்நகர்
54,46,HR,ADMK,218,முத்தமிழ்நகர்
55,46,HR,ADMK,362,முத்தமிழ்நகர்
56,46,HR,ADMK,257,முத்தமிழ்நகர்
57,46,HR,ADMK,337,முத்தமிழ்நகர்
58,46,HR,ADMK,292,முத்தமிழ்நகர்
59,46,HR,ADMK,171,முத்தமிழ்நகர்
60,46,HR,ADMK,370,முத்தமிழ்நகர்
61,46,HR,ADMK,203,முத்தமிழ்நகர்
62,46,HR,ADMK,294,முத்தமிழ்நகர்
63,46,HR,ADMK,355,முத்தமிழ்நகர்
64,46,HR,ADMK,326,முத்தமிழ்நகர்
65,46,HR,ADMK,351,கருணாநிதி தெரு
66,46,HR,ADMK,264,சீனிவாச பெருமாள் கோயில் தெரு
67,46,HR,ADMK,284,திருவள்ளூவர் நகர்
68,46,HR,ADMK,177,திருவள்ளூவர் நகர்
69,46,HR,ADMK,376,திருவள்ளூவர் நகர்
70,46,HR,ADMK,186,திருவள்ளூவர் நகர்
71,46,HR,ADMK,376,திருவள்ளூவர் நகர்
72,46,HR,ADMK,290,திருவள்ளூவர் நகர்
73,46,HR,ADMK,256,திருவள்ளூவர் நகர்
74,46,HR,ADMK,218,விவேகானந்தர் நகர்
75,46,HR,ADMK,295,திருஞான சம்பந்தம் தெரு
76,46,HR,ADMK,147,தொல்காப்பியர் தெரு
77,46,HR,ADMK,173,மீனாம்பாள் சாலை
78,46,HR,ADMK,173,வாசுகி நகர்
79,46,HR,ADMK,242,கவியரசு கண்ணதாசன் நகர்
80,46,HR,ADMK,289,கவியரசு கண்ணதாசன் நகர்
81,46,HR,ADMK,214,கவியரசு கண்ணதாசன் நகர்
82,46,HR,ADMK,238,கவியரசு கண்ணதாசன் நகர்
83,46,HR,ADMK,298,சூழ்புணல்கரை
84,46,HR,ADMK,375,சூழ்புணல்கரை
85,46,HR,ADMK,242,மறைமலை அடிகள் தெரு
86,46,HR,ADMK,266,பண்டித நேரு தெரு
87,46,HR,ADMK,222,கவியரசு கண்ணதாசன் நகர்
88,46,HR,ADMK,274,வ.ஊ.சி குறுக்கு தெரு
89,46,HR,ADMK,481,புதிய வார்டு எண் 35 ஓம் சக்தி வினாயகர் கோயில் தெரு
90,46,HR,ADMK,200,புதிய வார்டு எண் 36 எம்.ஆர்.நகர் முதல் தெரு
91,46,HR,ADMK,240,எம் ஆர் நகர்
92,46,HR,ADMK,331,லட்சுமி அம்மன் நகர்
93,46,HR,ADMK,229,லட்சுமி அம்மன் நகர்
94,46,HR,ADMK,233,அபிராமி அவென்யு
95,46,HR,ADMK,274,கவியரசு கண்ணதாசன் நகர்
96,46,HR,ADMK,223,அபிராமி அவென்யு
97,46,HR,ADMK,242,சீனிவாசன் தெரு
98,46,HR,ADMK,201,புதிய வார்டு எண் 37 அகத்தியர் தெரு
99,46,HR,ADMK,278,டிவிகே லிங்க் ரோடு
100,46,HR,ADMK,287,கிருஷ்ணமூர்த்தி நகர்
101,46,HR,ADMK,257,சுப்பிரமணி தெரு
102,46,HR,ADMK,174,கவியரசு கண்ணதாசன் நகர்
103,46,HR,ADMK,326,கவியரசு கண்ணதாசன் நகர்
104,46,HR,ADMK,200,கவியரசு கண்ணதாசன் நகர்
105,46,HR,ADMK,231,கவியரசு கண்ணதாசன் நகர்
106,46,HR,ADMK,316,கவியரசு கண்ணதாசன் நகர்
107,46,HR,ADMK,325,கவியரசு கண்ணதாசன் நகர்
108,46,HR,ADMK,226,கவியரசு கண்ணதாசன் நகர்
109,46,HR,ADMK,275,கவியரசு கண்ணதாசன் நகர்
110,46,HR,ADMK,327,நேரு நகர் நேதாஜி தெரு
111,46,HR,ADMK,270,கிருஷ்ணமூர்த்தி சாலை
112,46,HR,ADMK,186,ஜிஎன்டி ரோடு
113,46,HR,ADMK,329,செயின்ட் ஜான் தெரு லீபனோன்புரம்
114,46,HR,ADMK,243,பாரதியார் தெரு
115,46,HR,ADMK,287,கைலாசம் தெரு
116,46,HR,ADMK,315,அ.பொ.அரசு குறுக்குதெரு
117,46,HR,ADMK,328,ஜெயபரஞ்சோதி தெரு
118,46,HR,ADMK,288,அண்ணாசாலை
119,46,HR,ADMK,319,கந்தசாமி கோயில் காலனி தெரு
120,46,HR,ADMK,238,கண்ணபிரான் கோயில் தெரு
121,46,HR,ADMK,235,சிவசங்கரன் தெரு
122,46,HR,ADMK,360,ராஜரத்தினம் நகர்
123,46,HR,ADMK,264,ராஜரத்தினம் நகர்
124,46,HR,ADMK,350,ராஜரத்தினம் நகர்
125,46,HR,ADMK,400,ராஜரத்தினம் நகர்
126,46,HR,ADMK,582,உதயசூரியன் நகர்
127,46,HR,ADMK,436,உதயசூரியன் நகர்
128,46,HR,ADMK,165,எம்.கே.பி நகர்
129,46,HR,ADMK,361,எம்.கே.பி நகர்
130,46,HR,ADMK,283,மகாகவி பாரதி நகர்
131,46,HR,ADMK,150,மகாகவி பாரதி நகர்
132,46,HR,ADMK,222,மகாகவி பாரதி நகர்
133,46,HR,ADMK,235,மகாகவி பாரதி நகர்
134,46,HR,ADMK,217,மகாகவி பாரதி நகர்
135,46,HR,ADMK,219,வசந்தம்கார்டன்
136,46,HR,ADMK,275,மகாகவி பாரதி நகர்
137,46,HR,ADMK,274,மகாகவி பாரதி நகர்
138,46,HR,ADMK,169,எம்.கே.பி நகர்
139,46,HR,ADMK,238,மகாகவி பாரதி நகர்
140,46,HR,ADMK,271,எம்.கே.பி நகர்
141,46,HR,ADMK,139,எம்.கே.பி நகர்
142,46,HR,ADMK,309,எம்.கே.பி நகர்
143,46,HR,ADMK,272,எம்.கே.பி நகர்
144,46,HR,ADMK,144,எம்.கே.பி நகர்
145,46,HR,ADMK,211,எம்.கே.பி நகர்
146,46,HR,ADMK,285,எம்.கே.பி நகர்
147,46,HR,ADMK,314,சத்தியமூர்த்தி நகர்
148,46,HR,ADMK,346,சத்தியமூர்த்தி நகர்
149,46,HR,ADMK,372,சத்தியமூர்த்தி நகர்
150,46,HR,ADMK,288,சத்தியமூர்த்தி நகர்
151,46,HR,ADMK,353,எம்.ஜி.ஆர். நகர்
152,46,HR,ADMK,398,எம்.ஜி.ஆர். நகர்
153,46,HR,ADMK,501,தாமோதரன் நகர்
154,46,HR,ADMK,567,தேபர் நகர்
155,46,HR,ADMK,419,ஜெகஜீவன்ராம் நகர்
156,46,HR,ADMK,352,ஜெகஜீவன்ராம் நகர்
157,46,HR,ADMK,429,சாமியார் மடம்
158,46,HR,ADMK,389,சாமியார் மடம்
159,46,HR,ADMK,207,சாமியார் மடம்
160,46,HR,ADMK,447,அம்பேத்கார் தெரு
161,46,HR,ADMK,351,நேருஜி தெரு
162,46,HR,ADMK,396,எம் ஜி ஆர் தெரு
163,46,HR,ADMK,443,காந்திஜி தெரு
164,46,HR,ADMK,306,அண்ணா தெரு
165,46,HR,ADMK,404,சத்தியபாமா தெரு
166,46,HR,ADMK,360,திருப்பூர் குமரன் தெரு
167,46,HR,ADMK,387,திரு.வி.க. தெரு
168,46,HR,ADMK,331,பழனி ஆண்டவர் கோயில் தெரு
169,46,HR,ADMK,359,வீரபாண்டியன் தெரு
170,46,HR,ADMK,306,நெடுஞ்செழியன் தெரு
171,46,HR,ADMK,219,துளசிங்கம் தெரு
172,46,HR,ADMK,205,துளசிங்கம் தெரு
173,46,HR,ADMK,215,துளசிங்கம் தெரு
174,46,HR,ADMK,225,முனியப்ப தெரு
175,46,HR,ADMK,334,முனியப்ப தெரு
176,46,HR,ADMK,237,சுப்பிரமணிய பாரதி குறுக்கு தெரு
177,46,HR,ADMK,241,மாதவரம் நெடுஞ்சாலை
178,46,HR,ADMK,245,சுப்பிரமணியசாமி கோயில் தெரு
179,46,HR,ADMK,363,காமராஜ் நகர்
180,46,HR,ADMK,338,நட்டால் தோட்டம்
181,46,HR,ADMK,274,மேல்பட்டி பொன்னப்பன் தெரு
182,46,HR,ADMK,156,மேல்பட்டி பொன்னப்பன் தெரு
183,46,HR,ADMK,337,ஆசிரியர் தெரு
184,46,HR,ADMK,365,அண்ணா நகர் தெரு
185,46,HR,ADMK,231,கோபால் தெரு
186,46,HR,ADMK,355,பன்னீர் செல்வம் தெரு
187,46,HR,ADMK,426,காமாட்சி தெரு
188,46,HR,ADMK,257,உதயகுமார் தெரு
189,46,HR,ADMK,289,அழகிரி சாமி தெரு
190,46,HR,ADMK,257,அழகிரி சாமி தெரு
191,46,HR,ADMK,391,முத்தமிழ் தெரு
192,46,HR,ADMK,447,மணிமேகலை தெரு
193,46,HR,ADMK,433,கே.வி.கே. சாமி தெரு
194,46,HR,ADMK,373,பன்னீர் செல்வம் தெரு
195,46,HR,ADMK,324,முகமது இஸ்மாயில் தெரு
196,46,HR,ADMK,213,மதியழகன் தெரு
197,46,HR,ADMK,226,மகாகவி பாரதி நகர்
198,46,HR,ADMK,301,மகாகவி பாரதி நகர்
199,46,HR,ADMK,149,மகாகவி பாரதி நகர்
200,46,HR,ADMK,216,எம்.கே.பி நகர்
201,46,HR,ADMK,377,சாஸ்திரிநகர்
202,46,HR,ADMK,327,சாஸ்திரிநகர்
203,46,HR,ADMK,285,சாஸ்திரிநகர்
204,46,HR,ADMK,188,சாஸ்திரிநகர்
205,46,HR,ADMK,294,சாஸ்திரிநகர்
206,46,HR,ADMK,387,இந்திரா நகர்
207,46,HR,ADMK,239,புது நகர்
208,46,HR,ADMK,345,புது நகர்
209,46,HR,ADMK,330,புது நகர்
210,46,HR,ADMK,349,சர்மா நகர்
211,46,HR,ADMK,353,சர்மா நகர்
212,46,HR,ADMK,214,சர்மா நகர்
213,46,HR,ADMK,332,திடீர் நகர்
214,46,HR,ADMK,406,திடீர் நகர்
215,46,HR,ADMK,407,பாரதி நகர்
216,46,HR,ADMK,482,சிவகாமி அம்மையார் காலனி
217,46,HR,ADMK,239,சிவகாமி அம்மையார் காலனி
218,46,HR,ADMK,217,சிவகாமி அம்மையார் காலனி
219,46,HR,ADMK,310,சிவகாமி அம்மையார் காலனி
220,46,HR,ADMK,422,சிவகாமி அம்மையார் காலனி
221,46,HR,ADMK,369,சிவகாமி அம்மையார் காலனி
222,46,HR,ADMK,251,சிவகாமி அம்மையார் காலனி
223,46,HR,ADMK,210,சிவகாமி அம்மையார் காலனி
224,46,HR,ADMK,411,சிவகாமி அம்மையார் காலனி
225,46,HR,ADMK,283,கருணாநிதி சாலை
226,46,HR,ADMK,356,கருணாநிதி சாலை
227,46,HR,ADMK,298,பக்தவச்சலம் காலனி
228,46,HR,ADMK,408,பக்தவச்சலம் காலனி
229,46,HR,ADMK,388,பக்தவச்சலம் காலனி
230,46,HR,ADMK,280,பக்தவச்சலம் காலனி
231,46,HR,ADMK,475,பக்தவச்சலம் காலனி
232,46,HR,ADMK,232,பக்தவச்சலம் காலனி
233,46,HR,ADMK,352,பக்தவச்சலம் காலனி
234,46,HR,ADMK,214,பக்தவச்சலம் காலனி
235,46,HR,ADMK,441,பக்தவச்சலம் காலனி
236,46,HR,ADMK,429,பக்தவச்சலம் காலனி
237,46,HR,ADMK,301,பக்தவச்சலம் காலனி
238,46,HR,ADMK,429,பக்தவச்சலம் காலனி
239,46,HR,ADMK,434,பக்தவச்சலம் காலனி
240,46,HR,ADMK,219,பக்தவச்சலம் காலனி
241,46,HR,ADMK,328,அன்னை சத்யா நகர்
242,46,HR,ADMK,201,அன்னை சத்யா நகர்
243,46,HR,ADMK,264,எம் எம் தோட்டம்
244,46,HR,ADMK,201,எம் எம் தோட்டம்
245,46,HR,ADMK,242,ஜானகிராம் தோட்டம் தெரு
246,46,HR,ADMK,313,ரத்தினம் தெரு
247,46,HR,ADMK,347,சின்னதம்பி தெரு
248,46,HR,ADMK,420,ஸ்லாட்டர் ஹவுஸ் குடிசை
249,46,HR,ADMK,257,வியாசர் நகர்
250,46,HR,ADMK,154,பி பி சாலை
251,46,HR,ADMK,192,பி பி சாலை
252,46,HR,ADMK,251,பாலமுருகன் தெரு
253,46,HR,ADMK,156,சாந்தி நகர் பிரதான சாலை
254,46,HR,ADMK,247,சாந்தி நகர்
255,46,HR,ADMK,180,பி & டி (பி.எஸ்.என். எல் குடியிருப்பு)
256,46,HR,ADMK,315,சுந்தரம் தெரு
257,46,HR,ADMK,251,சுந்தரம் தெரு
258,46,HR,ADMK,402,பாலகிருஷ்ணன் தெரு
259,46,HR,ADMK,182,கணேசபுரம்
260,46,HR,ADMK,339,தேசிகானந்தபுரம்
261,46,HR,ADMK,289,கக்கன்ஜி நகர்
262,46,HR,ADMK,321,கக்கன்ஜி நகர்
263,46,HR,ADMK,207,மேல்பட்டி பொன்னப்பன் தெரு
264,46,HR,ADMK,457,மேல்பட்டி பொன்னப்பன் தெரு
265,46,HR,ADMK,296,மேல்பட்டி பொன்னப்பன் தெரு
266,46,HR,ADMK,250,மேல்பட்டி பொன்னப்பன் தெரு
267,46,HR,ADMK,226,மேல்பட்டி பொன்னப்பன் தெரு
268,46,HR,ADMK,236,மேல்பட்டி பொன்னப்பன் தெரு
269,46,HR,ADMK,476,கரிமேடு காலனி தெரு
270,46,HR,ADMK,426,கென்னடி நகர் தெரு
271,46,HR,ADMK,250,கென்னடி நகர் தெரு
272,46,HR,ADMK,433,நேரு நகர்
273,46,HR,ADMK,479,மல்லிகைப்பூ காலனி
274,46,HR,ADMK,420,மல்லிகைப்பூ காலனி
275,46,HR,ADMK,256,மல்லிகைப்பூ காலனி
276,46,HR,ADMK,333,மேகஸின்புரம்
277,46,HR,ADMK,217,புதிய மேகஸின்புரம்
278,46,HR,ADMK,390,ஜகஜீவன்ராம்நகர் மி. வா.குடியிருப்பு
279,46,HR,ADMK,289,சத்தியமூர்த்தி நகர்
280,46,HR,ADMK,388,சத்தியமூர்த்தி நகர்
281,46,HR,ADMK,363,சத்தியமூர்த்தி நகர்
282,46,HR,ADMK,349,எருக்கஞ்சேரி
283,46,HR,ADMK,462,எருக்கஞ்சேரி
284,46,HR,ADMK,234,எருக்கஞ்சேரி
285,46,HR,ADMK,416,எருக்கஞ்சேரி
286,46,HR,ADMK,380,பாலகிருஷ்ணன் தெரு
287,46,HR,ADMK,318,மூர்த்திங்கர் தெரு
288,46,HR,ADMK,390,முத்துமுதலிதெரு
289,46,HR,ADMK,405,மூர்த்திங்கர்நகர்
290,46,HR,ADMK,298,மூர்த்திங்கர்நகர்
291,46,HR,ADMK,355,எ கல்யாணபுரம்
292,46,HR,ADMK,493,பி கல்யாணபுரம்
293,46,HR,ADMK,345,பி கல்யாணபுரம்
294,46,HR,ADMK,285,பி கல்யாணபுரம்
295,46,HR,ADMK,319,சி கல்யாணபுரம்
296,46,HR,ADMK,377,சி கல்யாணபுரம்
297,46,HR,ADMK,529,சி கல்யாணபுரம்
